,GalaxyId,Q7
0,100008,0
1,100023,2
2,100053,1
3,100078,0
4,100090,0
5,100122,1
6,100123,0
7,100128,0
8,100134,0
9,100143,2
10,100150,1
11,100157,0
12,100187,0
13,100204,1
14,100237,1
15,100259,0
16,100263,2
17,100288,1
18,100295,1
19,100322,2
20,100335,1
21,100367,1
22,100380,1
23,100382,1
24,100383,0
25,100402,1
26,100428,0
27,100434,0
28,100444,1
29,100445,1
30,100458,1
31,100474,2
32,100479,1
33,100506,1
34,100513,2
35,100520,2
36,100541,1
37,100561,1
38,100571,0
39,100601,1
40,100623,2
41,100672,0
42,100673,1
43,100724,1
44,100727,0
45,100730,1
46,100740,2
47,100744,0
48,100765,1
49,100774,1
50,100801,1
51,100813,0
52,100821,1
53,100822,1
54,100836,2
55,100852,0
56,100859,0
57,100861,0
58,100867,0
59,100887,1
60,100894,0
61,100938,1
62,100951,1
63,100986,2
64,101007,0
65,101061,1
66,101074,1
67,101092,1
68,101127,2
69,101133,1
70,101135,2
71,101140,1
72,101151,0
73,101164,1
74,101166,1
75,101181,2
76,101232,2
77,101239,2
78,101244,1
79,101246,0
80,101247,0
81,101251,0
82,101275,1
83,101283,0
84,101286,1
85,101290,1
86,101291,1
87,101296,0
88,101298,0
89,101306,2
90,101307,1
91,101315,1
92,101324,1
93,101325,0
94,101355,2
95,101358,0
96,101371,0
97,101374,2
98,101375,1
99,101427,0
100,101469,1
101,101493,1
102,101501,1
103,101502,0
104,101518,0
105,101538,1
106,101548,0
107,101549,1
108,101563,2
109,101564,0
110,101572,1
111,101589,1
112,101591,0
113,101595,2
114,101597,1
115,101599,1
116,101623,1
117,101627,0
118,101651,1
119,101654,1
120,101660,1
121,101666,1
122,101685,2
123,101695,1
124,101701,1
125,101718,2
126,101754,0
127,101756,1
128,101762,1
129,101774,1
130,101787,1
131,101788,2
132,101798,1
133,101804,0
134,101807,1
135,101816,1
136,101848,2
137,101854,0
138,101858,1
139,101875,1
140,101893,2
141,101941,1
142,101943,0
143,101955,1
144,101971,0
145,101980,2
146,101991,0
147,101995,2
148,101997,2
149,102000,0
150,102015,2
151,102021,2
152,102027,2
153,102040,0
154,102046,1
155,102047,0
156,102113,2
157,102115,1
158,102159,1
159,102174,1
160,102176,2
161,102182,0
162,102243,0
163,102260,0
164,102271,0
165,102295,0
166,102328,1
167,102347,0
168,102371,0
169,102391,1
170,102402,0
171,102406,1
172,102407,1
173,102422,0
174,102433,0
175,102471,0
176,102474,1
177,102481,0
178,102513,0
179,102556,0
180,102595,0
181,102602,1
182,102616,1
183,102642,0
184,102649,1
185,102657,1
186,102699,2
187,102701,1
188,102729,1
189,102731,0
190,102735,1
191,102742,0
192,102743,0
193,102765,1
194,102770,0
195,102799,0
196,102804,0
197,102808,0
198,102812,2
199,102822,0
200,102834,0
201,102839,1
202,102843,0
203,102863,2
204,102871,2
205,102874,2
206,102919,1
207,102928,0
208,102933,1
209,102964,2
210,102974,2
211,102977,0
212,102982,2
213,102990,1
214,102998,1
215,103019,1
216,103037,1
217,103040,2
218,103072,1
219,103075,0
220,103132,2
221,103159,1
222,103167,1
223,103191,0
224,103224,0
225,103233,1
226,103246,1
227,103255,2
228,103260,0
229,103318,2
230,103323,1
231,103348,1
232,103353,1
233,103354,0
234,103356,0
235,103373,1
236,103386,1
237,103393,1
238,103444,2
239,103445,1
240,103491,1
241,103500,0
242,103503,2
243,103520,0
244,103523,0
245,103533,0
246,103547,1
247,103561,1
248,103577,0
249,103592,1
250,103610,0
251,103626,2
252,103645,0
253,103646,0
254,103707,0
255,103718,1
256,103731,1
257,103750,1
258,103751,1
259,103754,1
260,103758,1
261,103769,1
262,103787,2
263,103818,0
264,103819,0
265,103824,1
266,103882,0
267,103900,0
268,103902,0
269,103904,0
270,103907,1
271,103950,0
272,103955,1
273,103974,1
274,103979,1
275,103999,2
276,104001,1
277,104008,2
278,104020,0
279,104040,0
280,104041,2
281,104096,1
282,104110,1
283,104131,1
284,104141,2
285,104143,1
286,104159,1
287,104173,1
288,104196,1
289,104212,2
290,104216,2
291,104222,1
292,104234,0
293,104243,1
294,104253,0
295,104267,2
296,104268,2
297,104279,0
298,104281,0
299,104287,2
300,104310,1
301,104314,1
302,104317,2
303,104354,2
304,104365,1
305,104387,1
306,104389,2
307,104398,2
308,104414,0
309,104420,0
310,104422,0
311,104440,1
312,104460,2
313,104478,1
314,104516,1
315,104536,0
316,104540,2
317,104589,2
318,104602,1
319,104608,1
320,104610,2
321,104611,1
322,104612,1
323,104624,1
324,104703,0
325,104709,0
326,104721,2
327,104723,2
328,104751,1
329,104764,1
330,104769,1
331,104784,1
332,104788,1
333,104819,2
334,104830,2
335,104920,1
336,104929,0
337,104934,0
338,104962,2
339,104977,0
340,104988,1
341,104991,0
342,105009,0
343,105014,1
344,105020,0
345,105028,1
346,105056,1
347,105069,0
348,105070,1
349,105082,1
350,105088,1
351,105092,0
352,105117,1
353,105165,1
354,105201,1
355,105216,0
356,105218,0
357,105221,1
358,105257,0
359,105258,1
360,105279,0
361,105314,1
362,105331,2
363,105334,2
364,105354,1
365,105364,1
366,105365,1
367,105381,2
368,105417,1
369,105447,0
370,105459,2
371,105497,0
372,105500,1
373,105507,0
374,105513,2
375,105529,1
376,105539,1
377,105541,0
378,105572,0
379,105576,1
380,105581,1
381,105613,1
382,105631,0
383,105648,1
384,105653,0
385,105700,1
386,105743,2
387,105755,0
388,105757,0
389,105758,2
390,105762,1
391,105764,2
392,105772,0
393,105774,1
394,105787,1
395,105797,1
396,105846,0
397,105868,0
398,105870,1
399,105879,0
400,105881,1
401,105900,1
402,105902,2
403,105925,0
404,105940,2
405,105973,0
406,105983,0
407,105984,0
408,105986,1
409,105991,1
410,106000,0
411,106018,2
412,106028,0
413,106039,0
414,106040,0
415,106044,0
416,106049,2
417,106059,1
418,106079,0
419,106105,1
420,106124,1
421,106147,0
422,106165,2
423,106170,1
424,106176,2
425,106199,2
426,106205,1
427,106206,0
428,106230,1
429,106263,1
430,106275,1
431,106298,2
432,106355,0
433,106357,1
434,106388,1
435,106390,1
436,106409,1
437,106429,2
438,106432,2
439,106463,0
440,106471,1
441,106499,2
442,106514,1
443,106544,0
444,106612,0
445,106621,1
446,106646,1
447,106652,1
448,106664,1
449,106670,1
450,106689,1
451,106694,1
452,106705,1
453,106725,1
454,106739,2
455,106749,0
456,106773,0
457,106777,1
458,106781,0
459,106784,0
460,106788,2
461,106800,0
462,106803,0
463,106812,0
464,106819,1
465,106829,0
466,106841,1
467,106882,1
468,106885,1
469,106886,1
470,106896,1
471,106919,1
472,106923,1
473,106931,0
474,106944,2
475,106973,1
476,106986,2
477,107012,0
478,107019,0
479,107055,1
480,107064,0
481,107084,0
482,107106,0
483,107117,2
484,107143,1
485,107159,0
486,107193,0
487,107197,2
488,107202,0
489,107229,1
490,107231,2
491,107261,1
492,107268,1
493,107272,0
494,107290,0
495,107298,0
496,107314,2
497,107355,1
498,107374,1
499,107379,2
500,107383,1
501,107388,2
502,107394,1
503,107403,1
504,107406,1
505,107415,1
506,107422,2
507,107434,0
508,107435,0
509,107454,2
510,107461,0
511,107466,2
512,107480,0
513,107496,1
514,107510,0
515,107517,1
516,107521,1
517,107524,1
518,107527,1
519,107539,0
520,107553,1
521,107555,0
522,107559,2
523,107560,1
524,107562,0
525,107563,1
526,107573,0
527,107576,1
528,107583,2
529,107593,1
530,107597,2
531,107606,1
532,107608,1
533,107610,0
534,107613,2
535,107616,1
536,107619,0
537,107627,1
538,107629,1
539,107631,1
540,107660,1
541,107688,0
542,107692,0
543,107709,1
544,107720,2
545,107736,1
546,107745,0
547,107747,1
548,107794,2
549,107810,2
550,107823,0
551,107828,0
552,107831,1
553,107849,0
554,107859,1
555,107888,0
556,107943,1
557,107946,2
558,107951,1
559,107954,0
560,107961,1
561,107966,0
562,107967,0
563,107972,0
564,107975,0
565,107985,0
566,107987,1
567,108012,1
568,108017,1
569,108038,1
570,108041,1
571,108051,0
572,108066,0
573,108088,1
574,108103,1
575,108105,1
576,108111,0
577,108146,0
578,108160,1
579,108182,0
580,108195,0
581,108207,1
582,108225,1
583,108251,0
584,108272,0
585,108305,1
586,108326,2
587,108481,0
588,108497,1
589,108507,1
590,108545,0
591,108551,1
592,108574,1
593,108580,1
594,108584,1
595,108601,0
596,108608,2
597,108624,1
598,108642,1
599,108645,1
600,108649,1
601,108661,1
602,108672,1
603,108692,1
604,108715,1
605,108717,0
606,108742,1
607,108757,1
608,108764,1
609,108772,0
610,108779,1
611,108786,1
612,108914,0
613,108917,0
614,108920,1
615,108928,1
616,108929,0
617,108947,1
618,108952,2
619,108959,2
620,108961,0
621,108979,2
622,108985,1
623,108988,1
624,108991,1
625,108994,1
626,109011,2
627,109033,1
628,109074,1
629,109083,0
630,109096,1
631,109098,0
632,109112,1
633,109124,1
634,109127,1
635,109132,0
636,109135,2
637,109155,1
638,109180,1
639,109215,1
640,109255,0
641,109266,1
642,109282,0
643,109292,1
644,109330,1
645,109333,2
646,109360,0
647,109361,0
648,109366,2
649,109380,1
650,109402,1
651,109404,1
652,109414,0
653,109422,1
654,109449,2
655,109509,1
656,109529,1
657,109568,0
658,109595,0
659,109623,1
660,109629,2
661,109630,1
662,109682,2
663,109688,0
664,109699,1
665,109715,1
666,109718,2
667,109727,2
668,109740,0
669,109744,1
670,109750,1
671,109772,0
672,109780,1
673,109827,0
674,109868,1
675,109879,0
676,109885,1
677,109888,0
678,109946,0
679,109977,0
680,110034,1
681,110063,0
682,110074,1
683,110076,0
684,110109,0
685,110118,1
686,110121,0
687,110129,1
688,110139,0
689,110149,0
690,110178,0
691,110195,0
692,110217,1
693,110250,2
694,110285,1
695,110306,1
696,110313,0
697,110339,1
698,110348,2
699,110349,1
700,110364,0
701,110370,1
702,110375,1
703,110384,1
704,110388,1
705,110389,0
706,110404,0
707,110411,2
708,110429,1
709,110465,1
710,110466,2
711,110480,1
712,110521,2
713,110528,0
714,110538,1
715,110566,0
716,110596,0
717,110619,1
718,110633,1
719,110636,1
720,110676,1
721,110678,2
722,110695,0
723,110707,0
724,110710,1
725,110713,0
726,110719,0
727,110746,1
728,110763,2
729,110789,1
730,110805,0
731,110808,2
732,110821,0
733,110837,1
734,110844,1
735,110858,0
736,110887,2
737,110923,1
738,110964,1
739,110966,1
740,111022,0
741,111038,1
742,111121,2
743,111123,2
744,111125,2
745,111141,1
746,111142,0
747,111149,1
748,111175,0
749,111182,1
750,111207,0
751,111223,1
752,111240,0
753,111245,1
754,111259,1
755,111266,1
756,111274,0
757,111286,1
758,111298,0
759,111302,1
760,111305,1
761,111312,0
762,111383,1
763,111398,1
764,111399,0
765,111411,0
766,111417,1
767,111428,0
768,111481,0
769,111484,2
770,111491,2
771,111499,2
772,111514,0
773,111534,2
774,111552,0
775,111553,0
776,111597,0
777,111615,0
778,111622,1
779,111658,1
780,111660,2
781,111667,1
782,111681,1
783,111715,1
784,111716,1
785,111725,1
786,111727,1
787,111743,1
788,111753,0
789,111770,2
790,111775,2
791,111791,1
792,111792,0
793,111793,1
794,111799,0
795,111804,0
796,111834,2
797,111839,0
798,111858,2
799,111879,1
800,111882,0
801,111883,1
802,111910,0
803,111924,1
804,111937,0
805,111979,1
806,111980,1
807,112016,2
808,112017,2
809,112034,2
810,112072,0
811,112119,1
812,112122,1
813,112125,1
814,112135,0
815,112148,0
816,112167,1
817,112177,0
818,112188,2
819,112196,1
820,112229,1
821,112245,1
822,112254,1
823,112259,0
824,112263,2
825,112282,1
826,112311,0
827,112314,1
828,112345,2
829,112359,0
830,112404,1
831,112420,2
832,112438,2
833,112444,0
834,112479,1
835,112512,0
836,112518,0
837,112527,2
838,112536,0
839,112538,2
840,112574,1
841,112586,2
842,112592,1
843,112623,1
844,112627,1
845,112628,0
846,112665,1
847,112674,1
848,112678,0
849,112698,1
850,112700,1
851,112726,1
852,112764,0
853,112769,0
854,112814,0
855,112819,2
856,112824,2
857,112826,1
858,112835,0
859,112841,0
860,112843,1
861,112846,0
862,112873,2
863,112918,1
864,112964,0
865,112965,0
866,112988,0
867,112997,0
868,113072,1
869,113102,1
870,113118,0
871,113142,1
872,113149,1
873,113166,1
874,113168,2
875,113196,0
876,113267,1
877,113271,1
878,113279,0
879,113284,1
880,113289,0
881,113303,1
882,113305,1
883,113317,1
884,113322,1
885,113373,1
886,113394,0
887,113402,1
888,113417,1
889,113418,0
890,113420,0
891,113436,2
892,113444,0
893,113452,1
894,113457,0
895,113470,2
896,113475,0
897,113477,2
898,113483,1
899,113509,0
900,113510,1
901,113512,2
902,113516,1
903,113518,1
904,113539,1
905,113553,1
906,113556,2
907,113566,1
908,113567,0
909,113608,1
910,113609,1
911,113617,1
912,113622,1
913,113641,1
914,113655,1
915,113672,1
916,113692,2
917,113746,0
918,113761,1
919,113766,2
920,113779,1
921,113813,1
922,113823,0
923,113828,1
924,113845,1
925,113857,0
926,113858,2
927,113903,1
928,113913,1
929,113940,0
930,113944,2
931,113951,1
932,113965,0
933,113971,1
934,113975,1
935,113987,0
936,113992,0
937,113999,1
938,114000,1
939,114026,0
940,114029,1
941,114046,1
942,114059,1
943,114080,1
944,114117,0
945,114173,1
946,114190,0
947,114191,1
948,114207,1
949,114236,2
950,114240,1
951,114256,1
952,114271,0
953,114289,0
954,114294,1
955,114305,1
956,114319,1
957,114329,1
958,114337,1
959,114354,1
960,114433,1
961,114435,2
962,114457,0
963,114462,1
964,114464,1
965,114502,0
966,114517,1
967,114550,1
968,114570,1
969,114586,1
970,114587,0
971,114588,1
972,114600,1
973,114602,2
974,114620,1
975,114642,2
976,114650,1
977,114654,1
978,114658,1
979,114682,0
980,114688,0
981,114695,1
982,114696,0
983,114741,1
984,114772,0
985,114815,0
986,114863,1
987,114893,1
988,114896,0
989,114898,1
990,114957,2
991,114965,0
992,114966,1
993,114993,0
994,115031,1
995,115033,0
996,115042,1
997,115051,1
998,115073,0
999,115091,1
1000,115094,0
1001,115102,1
1002,115106,2
1003,115109,2
1004,115114,2
1005,115126,0
1006,115132,0
1007,115143,0
1008,115163,1
1009,115191,1
1010,115235,1
1011,115247,1
1012,115255,1
1013,115272,1
1014,115275,0
1015,115299,1
1016,115304,1
1017,115314,1
1018,115330,0
1019,115339,1
1020,115357,0
1021,115368,1
1022,115384,2
1023,115385,1
1024,115389,2
1025,115390,0
1026,115399,0
1027,115402,2
1028,115426,0
1029,115430,2
1030,115449,1
1031,115450,2
1032,115490,0
1033,115506,0
1034,115515,1
1035,115525,1
1036,115526,0
1037,115535,1
1038,115541,2
1039,115545,1
1040,115560,1
1041,115571,0
1042,115587,0
1043,115597,1
1044,115617,1
1045,115659,0
1046,115662,2
1047,115675,1
1048,115716,1
1049,115718,1
1050,115736,1
1051,115753,2
1052,115766,1
1053,115777,1
1054,115787,0
1055,115815,1
1056,115818,2
1057,115824,0
1058,115838,1
1059,115840,2
1060,115845,1
1061,115854,0
1062,115858,2
1063,115869,1
1064,115870,1
1065,115883,1
1066,115886,0
1067,115891,0
1068,115905,0
1069,115918,0
1070,115938,0
1071,115942,0
1072,115953,0
1073,116011,1
1074,116043,0
1075,116044,0
1076,116045,0
1077,116061,0
1078,116064,2
1079,116118,1
1080,116140,1
1081,116195,2
1082,116201,0
1083,116208,0
1084,116210,0
1085,116214,1
1086,116228,1
1087,116239,2
1088,116249,0
1089,116265,0
1090,116291,1
1091,116306,1
1092,116328,1
1093,116386,0
1094,116417,1
1095,116422,1
1096,116429,1
1097,116435,0
1098,116455,2
1099,116517,1
1100,116518,2
1101,116524,1
1102,116527,1
1103,116542,0
1104,116551,0
1105,116557,2
1106,116565,0
1107,116582,0
1108,116596,1
1109,116614,1
1110,116620,1
1111,116638,1
1112,116667,2
1113,116669,0
1114,116692,1
1115,116695,2
1116,116719,1
1117,116723,1
1118,116724,1
1119,116751,1
1120,116779,1
1121,116780,0
1122,116794,1
1123,116815,0
1124,116817,1
1125,116832,2
1126,116844,0
1127,116857,1
1128,116873,1
1129,116879,0
1130,116886,2
1131,116896,0
1132,116914,1
1133,116927,0
1134,116946,2
1135,116958,1
1136,116964,1
1137,116979,2
1138,116998,1
1139,117017,0
1140,117045,0
1141,117068,1
1142,117085,1
1143,117090,0
1144,117100,1
1145,117104,0
1146,117135,0
1147,117158,1
1148,117164,1
1149,117177,1
1150,117192,0
1151,117205,1
1152,117206,1
1153,117214,1
1154,117216,1
1155,117217,0
1156,117228,0
1157,117235,1
1158,117240,0
1159,117265,2
1160,117267,1
1161,117268,2
1162,117300,1
1163,117319,2
1164,117361,2
1165,117413,1
1166,117424,0
1167,117440,0
1168,117492,2
1169,117494,0
1170,117503,0
1171,117510,0
1172,117520,2
1173,117528,1
1174,117541,2
1175,117576,0
1176,117587,0
1177,117597,2
1178,117598,2
1179,117605,0
1180,117621,1
1181,117623,0
1182,117627,0
1183,117641,2
1184,117647,1
1185,117674,1
1186,117722,0
1187,117730,1
1188,117743,2
1189,117764,0
1190,117767,1
1191,117775,1
1192,117805,0
1193,117813,0
1194,117833,0
1195,117853,1
1196,117858,1
1197,117895,2
1198,117908,0
1199,117909,1
1200,117915,2
1201,117921,0
1202,117929,2
1203,117934,1
1204,117996,1
1205,118013,1
1206,118015,1
1207,118044,0
1208,118048,2
1209,118063,0
1210,118074,0
1211,118085,1
1212,118119,0
1213,118140,2
1214,118141,1
1215,118150,1
1216,118161,1
1217,118163,1
1218,118184,2
1219,118188,1
1220,118199,1
1221,118223,2
1222,118260,0
1223,118323,1
1224,118337,1
1225,118348,1
1226,118382,2
1227,118409,0
1228,118452,1
1229,118476,2
1230,118493,1
1231,118506,2
1232,118539,0
1233,118590,0
1234,118599,2
1235,118638,0
1236,118644,2
1237,118650,2
1238,118685,0
1239,118700,1
1240,118702,1
1241,118712,1
1242,118714,2
1243,118723,0
1244,118767,1
1245,118777,1
1246,118811,1
1247,118831,1
1248,118856,2
1249,118868,2
1250,118877,1
1251,118893,1
1252,118935,1
1253,118941,1
1254,118944,1
1255,118947,1
1256,118949,1
1257,118971,0
1258,118993,1
1259,119009,1
1260,119010,0
1261,119014,0
1262,119037,2
1263,119045,1
1264,119061,0
1265,119074,1
1266,119147,1
1267,119150,0
1268,119186,1
1269,119229,2
1270,119239,0
1271,119240,1
1272,119249,2
1273,119250,1
1274,119256,1
1275,119262,1
1276,119277,1
1277,119280,1
1278,119314,1
1279,119321,1
1280,119334,1
1281,119358,2
1282,119366,0
1283,119373,1
1284,119383,2
1285,119384,1
1286,119397,2
1287,119398,1
1288,119417,1
1289,119425,1
1290,119454,2
1291,119459,0
1292,119471,1
1293,119498,2
1294,119501,0
1295,119536,0
1296,119537,1
1297,119554,1
1298,119573,2
1299,119579,0
1300,119599,0
1301,119644,2
1302,119666,0
1303,119670,0
1304,119675,2
1305,119691,0
1306,119693,1
1307,119695,2
1308,119699,1
1309,119718,1
1310,119719,0
1311,119720,2
1312,119729,1
1313,119740,1
1314,119743,1
1315,119766,1
1316,119773,2
1317,119774,0
1318,119777,0
1319,119798,0
1320,119816,1
1321,119831,2
1322,119864,1
1323,119876,0
1324,119889,0
1325,119909,1
1326,119910,2
1327,119921,0
1328,119941,0
1329,119967,2
1330,119990,0
1331,120006,0
1332,120027,1
1333,120036,1
1334,120042,0
1335,120051,0
1336,120062,0
1337,120084,1
1338,120107,1
1339,120112,1
1340,120127,1
1341,120158,1
1342,120179,1
1343,120187,1
1344,120191,1
1345,120193,1
1346,120197,0
1347,120201,0
1348,120214,0
1349,120219,1
1350,120223,0
1351,120228,2
1352,120231,1
1353,120250,0
1354,120258,0
1355,120259,2
1356,120260,2
1357,120305,1
1358,120307,0
1359,120314,1
1360,120316,0
1361,120333,2
1362,120337,1
1363,120354,0
1364,120374,0
1365,120383,0
1366,120384,1
1367,120387,1
1368,120426,1
1369,120433,1
1370,120438,0
1371,120440,1
1372,120447,1
1373,120535,1
1374,120548,0
1375,120566,1
1376,120586,2
1377,120629,1
1378,120632,0
1379,120641,0
1380,120648,1
1381,120659,1
1382,120676,1
1383,120697,0
1384,120716,1
1385,120763,0
1386,120774,1
1387,120776,0
1388,120782,1
1389,120847,1
1390,120858,1
1391,120868,2
1392,120891,1
1393,120915,1
1394,120918,1
1395,120923,1
1396,120925,1
1397,120941,0
1398,120998,2
1399,121006,1
1400,121008,1
1401,121016,2
1402,121031,1
1403,121044,0
1404,121048,0
1405,121059,1
1406,121067,0
1407,121068,1
1408,121085,0
1409,121088,0
1410,121128,2
1411,121129,1
1412,121133,1
1413,121147,2
1414,121164,1
1415,121167,2
1416,121177,1
1417,121178,1
1418,121184,1
1419,121190,0
1420,121195,1
1421,121196,2
1422,121250,0
1423,121257,1
1424,121262,1
1425,121267,1
1426,121272,1
1427,121276,2
1428,121287,1
1429,121319,0
1430,121346,1
1431,121371,2
1432,121378,2
1433,121394,0
1434,121410,0
1435,121413,1
1436,121438,1
1437,121459,1
1438,121462,1
1439,121473,1
1440,121527,2
1441,121538,0
1442,121552,0
1443,121558,2
1444,121567,1
1445,121577,1
1446,121590,1
1447,121592,0
1448,121611,1
1449,121621,0
1450,121625,0
1451,121637,2
1452,121645,1
1453,121670,1
1454,121694,0
1455,121705,0
1456,121713,0
1457,121727,0
1458,121746,1
1459,121768,0
1460,121769,0
1461,121774,0
1462,121801,0
1463,121811,0
1464,121831,1
1465,121835,0
1466,121875,1
1467,121899,1
1468,121902,0
1469,121916,2
1470,121944,1
1471,121946,1
1472,121960,0
1473,121973,0
1474,122003,1
1475,122020,1
1476,122042,1
1477,122052,1
1478,122068,0
1479,122073,1
1480,122093,0
1481,122099,2
1482,122109,1
1483,122131,1
1484,122152,2
1485,122158,1
1486,122176,0
1487,122214,2
1488,122221,0
1489,122225,2
1490,122226,2
1491,122240,1
1492,122245,2
1493,122265,0
1494,122278,0
1495,122292,0
1496,122293,1
1497,122294,0
1498,122295,2
1499,122296,1
1500,122298,0
1501,122307,0
1502,122362,1
1503,122371,1
1504,122402,2
1505,122415,2
1506,122444,1
1507,122445,0
1508,122469,1
1509,122477,1
1510,122479,0
1511,122525,1
1512,122527,0
1513,122566,2
1514,122601,1
1515,122608,1
1516,122634,2
1517,122654,1
1518,122672,0
1519,122674,0
1520,122694,1
1521,122705,1
1522,122715,1
1523,122717,0
1524,122721,2
1525,122753,1
1526,122754,1
1527,122804,0
1528,122818,2
1529,122832,2
1530,122855,1
1531,122870,1
1532,122877,1
1533,122907,1
1534,122909,0
1535,122933,1
1536,122946,1
1537,122960,2
1538,122965,1
1539,122995,1
1540,123024,1
1541,123036,1
1542,123039,2
1543,123059,1
1544,123067,0
1545,123093,1
1546,123103,0
1547,123118,1
1548,123133,0
1549,123139,0
1550,123141,0
1551,123156,1
1552,123173,0
1553,123192,0
1554,123199,2
1555,123200,1
1556,123203,2
1557,123204,0
1558,123205,2
1559,123207,0
1560,123243,0
1561,123282,0
1562,123294,0
1563,123308,1
1564,123310,2
1565,123337,1
1566,123344,0
1567,123349,1
1568,123381,1
1569,123382,1
1570,123383,1
1571,123387,0
1572,123411,2
1573,123412,1
1574,123416,1
1575,123420,1
1576,123433,0
1577,123440,0
1578,123470,1
1579,123475,2
1580,123486,1
1581,123498,1
1582,123517,0
1583,123540,1
1584,123564,1
1585,123582,2
1586,123628,1
1587,123647,2
1588,123648,0
1589,123670,2
1590,123678,1
1591,123679,0
1592,123692,2
1593,123694,1
1594,123695,0
1595,123700,1
1596,123713,1
1597,123750,0
1598,123770,0
1599,123772,2
1600,123792,1
1601,123810,0
1602,123811,1
1603,123858,1
1604,123871,1
1605,123878,2
1606,123897,0
1607,123906,1
1608,123933,2
1609,123938,1
1610,123980,0
1611,123981,1
1612,124019,0
1613,124022,2
1614,124050,1
1615,124057,0
1616,124059,0
1617,124070,2
1618,124076,1
1619,124079,2
1620,124175,1
1621,124200,1
1622,124206,1
1623,124208,1
1624,124210,0
1625,124214,1
1626,124265,0
1627,124273,0
1628,124299,2
1629,124305,1
1630,124307,2
1631,124315,0
1632,124337,1
1633,124342,1
1634,124375,0
1635,124424,1
1636,124425,2
1637,124434,1
1638,124443,1
1639,124455,0
1640,124472,1
1641,124477,2
1642,124483,0
1643,124491,0
1644,124494,1
1645,124499,1
1646,124516,2
1647,124519,1
1648,124548,1
1649,124549,1
1650,124578,0
1651,124625,2
1652,124641,2
1653,124648,0
1654,124649,1
1655,124650,2
1656,124679,1
1657,124694,2
1658,124714,1
1659,124723,1
1660,124733,0
1661,124770,1
1662,124782,1
1663,124816,0
1664,124824,1
1665,124854,1
1666,124862,0
1667,124877,1
1668,124882,2
1669,124908,0
1670,124943,0
1671,124970,2
1672,124977,2
1673,124981,1
1674,124991,1
1675,124994,0
1676,125006,1
1677,125011,1
1678,125040,2
1679,125063,1
1680,125108,1
1681,125118,1
1682,125119,0
1683,125123,2
1684,125129,1
1685,125151,0
1686,125158,1
1687,125188,1
1688,125199,1
1689,125209,0
1690,125277,0
1691,125304,0
1692,125327,1
1693,125328,1
1694,125352,1
1695,125358,1
1696,125393,0
1697,125422,2
1698,125439,1
1699,125460,1
1700,125475,0
1701,125507,1
1702,125525,0
1703,125537,0
1704,125576,0
1705,125577,2
1706,125597,2
1707,125616,1
1708,125620,2
1709,125627,0
1710,125664,1
1711,125667,1
1712,125672,2
1713,125675,2
1714,125678,0
1715,125683,1
1716,125686,1
1717,125687,0
1718,125719,1
1719,125739,0
1720,125740,1
1721,125746,0
1722,125755,0
1723,125756,2
1724,125760,2
1725,125770,1
1726,125787,0
1727,125797,1
1728,125798,0
1729,125828,1
1730,125860,1
1731,125861,2
1732,125912,2
1733,125934,2
1734,125948,0
1735,125960,1
1736,125973,2
1737,125975,0
1738,125983,0
1739,126041,1
1740,126050,2
1741,126077,0
1742,126085,0
1743,126088,1
1744,126131,0
1745,126132,2
1746,126143,2
1747,126151,0
1748,126153,1
1749,126154,2
1750,126202,0
1751,126234,0
1752,126256,1
1753,126260,1
1754,126265,0
1755,126279,1
1756,126282,1
1757,126304,1
1758,126321,1
1759,126338,1
1760,126364,1
1761,126382,1
1762,126386,0
1763,126391,0
1764,126406,1
1765,126427,1
1766,126435,1
1767,126438,2
1768,126459,1
1769,126471,2
1770,126475,0
1771,126486,1
1772,126502,1
1773,126510,1
1774,126540,1
1775,126547,1
1776,126549,0
1777,126581,0
1778,126625,1
1779,126638,1
1780,126643,0
1781,126649,1
1782,126656,0
1783,126663,2
1784,126694,1
1785,126696,0
1786,126719,0
1787,126740,1
1788,126759,1
1789,126760,0
1790,126764,0
1791,126783,0
1792,126800,1
1793,126804,0
1794,126827,2
1795,126841,1
1796,126845,0
1797,126847,0
1798,126856,1
1799,126857,2
1800,126864,1
1801,126885,1
1802,126923,1
1803,126929,0
1804,126961,0
1805,127027,0
1806,127031,0
1807,127052,0
1808,127057,1
1809,127059,0
1810,127082,1
1811,127163,1
1812,127197,2
1813,127210,1
1814,127231,1
1815,127297,1
1816,127317,1
1817,127333,1
1818,127354,1
1819,127360,1
1820,127368,1
1821,127380,2
1822,127382,1
1823,127386,1
1824,127417,1
1825,127418,0
1826,127423,1
1827,127441,0
1828,127444,1
1829,127458,1
1830,127465,0
1831,127467,1
1832,127487,1
1833,127494,2
1834,127498,0
1835,127502,1
1836,127511,0
1837,127517,2
1838,127530,1
1839,127546,0
1840,127552,0
1841,127566,1
1842,127574,0
1843,127590,1
1844,127627,0
1845,127630,0
1846,127667,1
1847,127669,1
1848,127687,0
1849,127698,0
1850,127730,0
1851,127783,1
1852,127788,1
1853,127793,0
1854,127795,0
1855,127817,0
1856,127857,0
1857,127872,2
1858,127887,1
1859,127897,1
1860,127901,0
1861,127918,2
1862,127934,2
1863,127935,2
1864,127937,2
1865,127950,0
1866,127951,1
1867,127970,0
1868,128004,1
1869,128027,1
1870,128031,0
1871,128068,0
1872,128069,1
1873,128079,1
1874,128102,1
1875,128110,1
1876,128128,1
1877,128130,2
1878,128132,0
1879,128137,0
1880,128147,0
1881,128202,1
1882,128216,1
1883,128220,0
1884,128240,1
1885,128271,1
1886,128277,1
1887,128284,1
1888,128285,1
1889,128316,1
1890,128341,1
1891,128343,1
1892,128345,2
1893,128357,0
1894,128380,2
1895,128385,1
1896,128389,0
1897,128396,2
1898,128411,0
1899,128417,1
1900,128434,2
1901,128439,1
1902,128470,1
1903,128485,0
1904,128496,1
1905,128499,1
1906,128519,0
1907,128544,1
1908,128563,1
1909,128575,2
1910,128615,1
1911,128619,0
1912,128625,1
1913,128646,1
1914,128650,1
1915,128664,1
1916,128703,0
1917,128707,2
1918,128720,1
1919,128724,2
1920,128745,2
1921,128749,1
1922,128762,0
1923,128799,1
1924,128814,1
1925,128815,0
1926,128826,2
1927,128832,1
1928,128864,0
1929,128919,0
1930,128929,0
1931,128936,1
1932,128947,0
1933,128978,1
1934,128998,0
1935,129013,2
1936,129036,0
1937,129042,1
1938,129043,1
1939,129068,1
1940,129093,0
1941,129102,1
1942,129117,1
1943,129124,2
1944,129146,0
1945,129149,1
1946,129160,1
1947,129168,1
1948,129170,0
1949,129173,1
1950,129175,2
1951,129185,1
1952,129187,2
1953,129191,1
1954,129195,0
1955,129199,1
1956,129202,1
1957,129207,1
1958,129209,2
1959,129211,1
1960,129221,1
1961,129225,1
1962,129248,0
1963,129251,1
1964,129277,0
1965,129359,0
1966,129362,1
1967,129365,1
1968,129376,2
1969,129433,1
1970,129439,1
1971,129456,0
1972,129458,0
1973,129480,2
1974,129483,2
1975,129486,2
1976,129488,0
1977,129501,2
1978,129510,1
1979,129556,0
1980,129560,1
1981,129570,0
1982,129594,2
1983,129605,1
1984,129609,1
1985,129622,1
1986,129626,0
1987,129637,1
1988,129665,2
1989,129721,1
1990,129777,2
1991,129780,1
1992,129809,2
1993,129852,1
1994,129869,1
1995,129883,1
1996,129932,1
1997,129935,2
1998,129937,1
1999,129939,2
2000,129951,0
2001,129993,2
2002,130002,1
2003,130026,2
2004,130049,2
2005,130055,1
2006,130071,1
2007,130077,1
2008,130097,0
2009,130110,1
2010,130136,0
2011,130157,1
2012,130160,1
2013,130207,0
2014,130226,0
2015,130241,1
2016,130244,1
2017,130278,1
2018,130285,1
2019,130303,1
2020,130313,1
2021,130334,1
2022,130343,1
2023,130344,0
2024,130355,1
2025,130356,0
2026,130394,1
2027,130396,0
2028,130397,1
2029,130403,0
2030,130407,2
2031,130424,2
2032,130426,1
2033,130440,1
2034,130450,1
2035,130454,1
2036,130456,0
2037,130460,1
2038,130475,0
2039,130499,1
2040,130520,0
2041,130532,2
2042,130553,1
2043,130558,0
2044,130565,0
2045,130567,1
2046,130574,1
2047,130580,2
2048,130624,1
2049,130649,0
2050,130710,1
2051,130719,2
2052,130723,1
2053,130737,1
2054,130741,1
2055,130743,1
2056,130745,0
2057,130759,0
2058,130760,1
2059,130768,0
2060,130781,0
2061,130790,1
2062,130803,0
2063,130819,1
2064,130826,0
2065,130853,2
2066,130858,0
2067,130861,2
2068,130868,1
2069,130888,1
2070,130908,1
2071,130946,1
2072,130963,1
2073,130969,0
2074,130971,0
2075,130972,1
2076,130973,0
2077,130979,0
2078,130996,2
2079,131009,0
2080,131010,0
2081,131021,0
2082,131030,0
2083,131049,0
2084,131051,0
2085,131054,1
2086,131063,2
2087,131064,1
2088,131103,1
2089,131138,0
2090,131164,1
2091,131172,1
2092,131184,1
2093,131189,1
2094,131208,0
2095,131211,1
2096,131221,2
2097,131245,0
2098,131246,0
2099,131260,0
2100,131278,2
2101,131293,1
2102,131312,2
2103,131315,1
2104,131322,0
2105,131323,0
2106,131359,0
2107,131373,1
2108,131374,1
2109,131376,1
2110,131395,2
2111,131410,0
2112,131435,1
2113,131452,1
2114,131465,0
2115,131473,0
2116,131500,0
2117,131504,1
2118,131520,1
2119,131521,1
2120,131525,1
2121,131540,1
2122,131585,0
2123,131596,2
2124,131603,1
2125,131624,1
2126,131635,1
2127,131657,2
2128,131670,0
2129,131744,1
2130,131745,0
2131,131747,2
2132,131807,0
2133,131821,1
2134,131843,0
2135,131848,0
2136,131855,0
2137,131874,1
2138,131875,1
2139,131880,1
2140,131903,1
2141,131905,0
2142,131934,1
2143,131939,0
2144,131999,0
2145,132003,1
2146,132021,1
2147,132038,1
2148,132062,1
2149,132121,1
2150,132127,1
2151,132139,0
2152,132147,1
2153,132153,0
2154,132171,1
2155,132172,0
2156,132175,0
2157,132188,1
2158,132209,1
2159,132234,1
2160,132247,0
2161,132250,1
2162,132267,1
2163,132280,0
2164,132305,0
2165,132321,1
2166,132333,2
2167,132342,0
2168,132350,1
2169,132353,2
2170,132382,1
2171,132400,0
2172,132413,2
2173,132416,0
2174,132419,0
2175,132423,0
2176,132439,1
2177,132448,0
2178,132456,1
2179,132457,2
2180,132473,2
2181,132481,1
2182,132502,2
2183,132535,0
2184,132551,0
2185,132573,1
2186,132589,2
2187,132612,1
2188,132623,0
2189,132626,1
2190,132631,1
2191,132636,1
2192,132639,2
2193,132640,0
2194,132647,1
2195,132658,0
2196,132709,1
2197,132714,1
2198,132732,1
2199,132746,2
2200,132754,0
2201,132767,1
2202,132781,1
2203,132782,2
2204,132788,0
2205,132802,1
2206,132803,1
2207,132813,0
2208,132814,2
2209,132825,0
2210,132829,0
2211,132837,1
2212,132856,0
2213,132884,2
2214,132907,1
2215,132919,0
2216,132938,1
2217,132957,1
2218,132969,1
2219,133009,2
2220,133023,1
2221,133036,1
2222,133100,2
2223,133108,1
2224,133161,0
2225,133166,1
2226,133178,1
2227,133206,1
2228,133231,1
2229,133256,0
2230,133282,1
2231,133287,0
2232,133289,0
2233,133307,1
2234,133355,1
2235,133380,1
2236,133395,0
2237,133435,0
2238,133451,0
2239,133499,1
2240,133503,1
2241,133531,0
2242,133542,2
2243,133558,0
2244,133596,0
2245,133616,0
2246,133626,1
2247,133637,0
2248,133639,1
2249,133654,1
2250,133665,1
2251,133669,2
2252,133675,1
2253,133711,1
2254,133734,0
2255,133755,1
2256,133766,0
2257,133779,1
2258,133824,1
2259,133854,1
2260,133862,1
2261,133870,1
2262,133941,2
2263,133985,1
2264,133994,1
2265,134055,1
2266,134068,1
2267,134087,0
2268,134155,1
2269,134170,2
2270,134179,2
2271,134184,2
2272,134191,2
2273,134211,1
2274,134231,2
2275,134234,1
2276,134266,0
2277,134270,0
2278,134277,0
2279,134282,1
2280,134285,1
2281,134289,1
2282,134347,0
2283,134363,0
2284,134364,1
2285,134368,1
2286,134398,0
2287,134412,2
2288,134415,0
2289,134424,0
2290,134425,1
2291,134431,2
2292,134450,2
2293,134456,1
2294,134463,0
2295,134468,0
2296,134470,1
2297,134516,1
2298,134549,1
2299,134556,1
2300,134568,1
2301,134569,0
2302,134573,0
2303,134600,0
2304,134604,2
2305,134618,1
2306,134624,1
2307,134631,0
2308,134638,0
2309,134640,1
2310,134644,1
2311,134646,1
2312,134661,1
2313,134676,0
2314,134681,0
2315,134688,1
2316,134703,1
2317,134718,2
2318,134736,0
2319,134742,2
2320,134798,1
2321,134817,1
2322,134843,1
2323,134877,1
2324,134880,0
2325,134882,2
2326,134899,1
2327,134903,1
2328,134915,1
2329,134922,1
2330,134947,1
2331,134970,0
2332,134981,1
2333,134986,1
2334,134993,1
2335,135020,1
2336,135030,0
2337,135033,1
2338,135039,1
2339,135043,1
2340,135059,1
2341,135066,0
2342,135077,1
2343,135082,2
2344,135093,1
2345,135095,2
2346,135102,1
2347,135134,1
2348,135135,1
2349,135163,0
2350,135172,0
2351,135173,0
2352,135174,1
2353,135184,0
2354,135187,1
2355,135191,0
2356,135208,1
2357,135223,1
2358,135256,2
2359,135258,0
2360,135295,1
2361,135299,1
2362,135311,2
2363,135336,1
2364,135337,2
2365,135338,0
2366,135351,2
2367,135352,1
2368,135353,1
2369,135359,1
2370,135363,1
2371,135416,0
2372,135417,1
2373,135440,1
2374,135441,1
2375,135449,2
2376,135453,0
2377,135456,0
2378,135494,0
2379,135499,0
2380,135524,1
2381,135536,1
2382,135541,1
2383,135588,1
2384,135596,2
2385,135616,0
2386,135640,2
2387,135648,1
2388,135676,2
2389,135705,0
2390,135714,1
2391,135717,0
2392,135730,1
2393,135734,1
2394,135766,1
2395,135779,0
2396,135809,1
2397,135810,2
2398,135820,1
2399,135828,1
2400,135831,1
2401,135842,0
2402,135868,1
2403,135873,1
2404,135890,1
2405,135901,1
2406,135902,1
2407,135924,1
2408,135972,0
2409,135980,0
2410,136005,1
2411,136022,1
2412,136039,1
2413,136072,0
2414,136093,1
2415,136109,2
2416,136166,0
2417,136167,1
2418,136211,0
2419,136233,1
2420,136247,1
2421,136255,1
2422,136261,1
2423,136264,2
2424,136289,1
2425,136317,1
2426,136370,1
2427,136382,1
2428,136385,1
2429,136387,0
2430,136401,1
2431,136414,1
2432,136418,0
2433,136420,1
2434,136439,0
2435,136441,1
2436,136454,1
2437,136466,1
2438,136491,1
2439,136494,0
2440,136539,0
2441,136544,0
2442,136565,0
2443,136569,0
2444,136581,0
2445,136592,1
2446,136594,1
2447,136661,0
2448,136666,2
2449,136667,2
2450,136695,0
2451,136729,1
2452,136731,1
2453,136748,0
2454,136756,0
2455,136771,1
2456,136790,1
2457,136821,1
2458,136823,1
2459,136827,0
2460,136843,2
2461,136851,0
2462,136877,1
2463,136885,0
2464,136899,0
2465,136908,1
2466,136929,0
2467,136937,2
2468,136972,2
2469,136991,1
2470,136993,0
2471,137015,2
2472,137040,0
2473,137043,1
2474,137052,1
2475,137122,2
2476,137134,0
2477,137135,1
2478,137150,0
2479,137172,1
2480,137179,0
2481,137192,0
2482,137197,0
2483,137212,1
2484,137237,0
2485,137253,1
2486,137272,1
2487,137342,0
2488,137349,0
2489,137350,0
2490,137352,0
2491,137376,1
2492,137384,1
2493,137386,1
2494,137390,1
2495,137405,1
2496,137412,2
2497,137435,0
2498,137453,1
2499,137473,0
2500,137487,1
2501,137493,1
2502,137504,2
2503,137513,2
2504,137522,1
2505,137555,0
2506,137556,1
2507,137578,1
2508,137582,0
2509,137585,0
2510,137587,1
2511,137631,1
2512,137640,1
2513,137644,0
2514,137653,1
2515,137693,1
2516,137709,1
2517,137712,0
2518,137722,2
2519,137732,1
2520,137749,1
2521,137751,2
2522,137778,1
2523,137783,0
2524,137787,1
2525,137809,1
2526,137813,0
2527,137827,2
2528,137841,1
2529,137845,1
2530,137862,2
2531,137887,2
2532,137898,1
2533,137901,0
2534,137957,1
2535,137969,0
2536,137973,1
2537,137980,2
2538,138027,2
2539,138098,1
2540,138121,1
2541,138137,1
2542,138164,0
2543,138170,2
2544,138189,2
2545,138200,2
2546,138204,1
2547,138215,1
2548,138217,1
2549,138236,1
2550,138238,0
2551,138251,1
2552,138287,1
2553,138290,1
2554,138306,0
2555,138339,0
2556,138341,1
2557,138348,1
2558,138351,0
2559,138352,1
2560,138360,1
2561,138366,1
2562,138392,0
2563,138436,0
2564,138452,0
2565,138455,0
2566,138481,0
2567,138490,0
2568,138494,2
2569,138514,1
2570,138528,0
2571,138532,1
2572,138534,0
2573,138539,2
2574,138551,0
2575,138561,1
2576,138564,1
2577,138565,0
2578,138598,0
2579,138610,1
2580,138616,1
2581,138632,1
2582,138636,0
2583,138668,1
2584,138670,0
2585,138685,1
2586,138689,1
2587,138725,0
2588,138739,1
2589,138769,0
2590,138772,1
2591,138815,2
2592,138816,1
2593,138818,1
2594,138823,1
2595,138830,0
2596,138859,1
2597,138869,1
2598,138883,1
2599,138893,1
2600,138895,0
2601,138899,1
2602,138916,0
2603,138943,1
2604,138962,0
2605,138980,1
2606,139006,0
2607,139008,1
2608,139015,2
2609,139038,1
2610,139040,2
2611,139046,1
2612,139077,1
2613,139099,1
2614,139109,0
2615,139143,1
2616,139144,0
2617,139152,1
2618,139153,0
2619,139162,0
2620,139169,1
2621,139191,1
2622,139202,0
2623,139205,1
2624,139220,0
2625,139266,0
2626,139269,0
2627,139275,2
2628,139303,0
2629,139313,0
2630,139315,0
2631,139317,2
2632,139325,1
2633,139336,0
2634,139352,1
2635,139354,1
2636,139355,1
2637,139375,1
2638,139391,2
2639,139395,0
2640,139416,2
2641,139432,1
2642,139433,1
2643,139444,2
2644,139447,1
2645,139471,0
2646,139480,0
2647,139523,1
2648,139540,2
2649,139547,1
2650,139554,0
2651,139556,1
2652,139581,1
2653,139594,0
2654,139596,1
2655,139626,2
2656,139635,0
2657,139650,0
2658,139665,1
2659,139668,2
2660,139670,2
2661,139672,1
2662,139679,0
2663,139688,0
2664,139692,1
2665,139711,0
2666,139712,2
2667,139725,1
2668,139758,1
2669,139775,1
2670,139793,1
2671,139821,2
2672,139823,1
2673,139862,0
2674,139863,1
2675,139900,1
2676,139901,0
2677,139919,0
2678,139923,0
2679,139932,0
2680,139937,1
2681,139940,0
2682,139955,0
2683,140000,0
2684,140010,0
2685,140012,1
2686,140023,0
2687,140054,1
2688,140063,2
2689,140070,2
2690,140081,0
2691,140084,2
2692,140146,1
2693,140154,1
2694,140163,1
2695,140167,1
2696,140176,0
2697,140185,2
2698,140197,2
2699,140206,0
2700,140211,2
2701,140218,1
2702,140222,1
2703,140225,2
2704,140239,0
2705,140246,1
2706,140254,0
2707,140278,0
2708,140289,1
2709,140317,0
2710,140329,0
2711,140359,2
2712,140398,0
2713,140402,0
2714,140413,1
2715,140453,1
2716,140466,0
2717,140489,1
2718,140496,2
2719,140529,1
2720,140530,1
2721,140533,1
2722,140552,0
2723,140558,1
2724,140576,1
2725,140597,2
2726,140614,0
2727,140618,0
2728,140631,1
2729,140661,0
2730,140673,1
2731,140695,0
2732,140710,0
2733,140714,1
2734,140730,0
2735,140740,1
2736,140764,2
2737,140768,2
2738,140776,2
2739,140829,1
2740,140849,0
2741,140876,1
2742,140897,1
2743,140949,0
2744,140957,1
2745,141069,1
2746,141077,1
2747,141084,0
2748,141110,1
2749,141131,1
2750,141148,1
2751,141149,1
2752,141152,1
2753,141162,2
2754,141171,1
2755,141186,2
2756,141226,0
2757,141235,2
2758,141268,2
2759,141282,1
2760,141319,0
2761,141331,0
2762,141332,1
2763,141333,1
2764,141381,1
2765,141392,2
2766,141489,1
2767,141491,1
2768,141511,0
2769,141525,2
2770,141563,2
2771,141567,0
2772,141586,1
2773,141593,0
2774,141604,1
2775,141605,0
2776,141622,0
2777,141629,1
2778,141634,2
2779,141651,0
2780,141652,1
2781,141671,1
2782,141677,1
2783,141711,2
2784,141714,1
2785,141722,0
2786,141731,2
2787,141733,1
2788,141746,2
2789,141751,0
2790,141789,1
2791,141797,2
2792,141844,1
2793,141901,1
2794,141925,0
2795,141930,0
2796,141948,1
2797,141957,1
2798,141962,2
2799,141966,0
2800,141973,0
2801,142008,0
2802,142014,1
2803,142031,1
2804,142039,0
2805,142148,1
2806,142172,1
2807,142202,0
2808,142219,1
2809,142221,1
2810,142257,1
2811,142259,1
2812,142267,0
2813,142274,1
2814,142281,0
2815,142290,1
2816,142291,1
2817,142331,1
2818,142367,0
2819,142370,1
2820,142375,0
2821,142379,1
2822,142394,1
2823,142404,2
2824,142450,0
2825,142474,0
2826,142480,1
2827,142508,0
2828,142523,2
2829,142534,1
2830,142581,1
2831,142621,1
2832,142664,0
2833,142694,2
2834,142719,0
2835,142724,1
2836,142745,0
2837,142759,1
2838,142773,0
2839,142797,0
2840,142803,2
2841,142829,1
2842,142834,0
2843,142847,0
2844,142863,2
2845,142872,0
2846,142899,1
2847,142903,2
2848,142905,0
2849,142918,1
2850,142932,2
2851,142992,2
2852,142993,1
2853,143029,1
2854,143038,1
2855,143056,2
2856,143091,1
2857,143103,0
2858,143120,2
2859,143148,0
2860,143156,1
2861,143159,2
2862,143160,0
2863,143163,2
2864,143171,1
2865,143187,0
2866,143189,1
2867,143193,0
2868,143196,1
2869,143205,1
2870,143206,2
2871,143271,1
2872,143272,1
2873,143307,0
2874,143316,0
2875,143333,1
2876,143341,1
2877,143350,1
2878,143358,0
2879,143377,0
2880,143391,1
2881,143402,1
2882,143414,2
2883,143422,0
2884,143425,2
2885,143438,1
2886,143441,1
2887,143447,0
2888,143454,1
2889,143485,2
2890,143509,1
2891,143531,1
2892,143541,0
2893,143546,0
2894,143582,1
2895,143612,0
2896,143636,0
2897,143666,0
2898,143677,2
2899,143726,1
2900,143730,0
2901,143762,1
2902,143772,1
2903,143776,1
2904,143789,1
2905,143798,1
2906,143817,0
2907,143858,0
2908,143863,0
2909,143868,1
2910,143877,1
2911,143884,2
2912,143898,1
2913,143928,2
2914,143934,0
2915,143962,2
2916,143974,1
2917,143976,2
2918,143984,1
2919,143992,0
2920,143996,1
2921,144007,0
2922,144010,2
2923,144012,1
2924,144058,1
2925,144077,2
2926,144078,0
2927,144084,1
2928,144088,0
2929,144110,1
2930,144129,1
2931,144141,2
2932,144146,2
2933,144152,1
2934,144158,1
2935,144173,2
2936,144195,1
2937,144201,1
2938,144225,1
2939,144231,2
2940,144237,0
2941,144241,1
2942,144264,0
2943,144265,0
2944,144301,2
2945,144303,1
2946,144307,2
2947,144324,1
2948,144368,1
2949,144383,0
2950,144433,0
2951,144438,1
2952,144447,2
2953,144449,1
2954,144475,1
2955,144493,0
2956,144558,1
2957,144560,1
2958,144593,2
2959,144597,1
2960,144603,1
2961,144704,0
2962,144707,2
2963,144719,1
2964,144731,1
2965,144732,2
2966,144740,1
2967,144741,1
2968,144756,0
2969,144770,1
2970,144795,1
2971,144797,1
2972,144810,1
2973,144816,1
2974,144838,1
2975,144866,1
2976,144881,0
2977,144885,0
2978,144927,0
2979,144933,1
2980,144958,0
2981,144961,2
2982,144997,1
2983,145003,1
2984,145005,0
2985,145008,0
2986,145016,0
2987,145030,1
2988,145035,0
2989,145073,1
2990,145094,1
2991,145104,1
2992,145106,1
2993,145144,1
2994,145145,2
2995,145154,1
2996,145177,0
2997,145183,1
2998,145197,0
2999,145198,1
3000,145206,1
3001,145215,0
3002,145248,0
3003,145282,0
3004,145289,1
3005,145298,1
3006,145326,1
3007,145332,1
3008,145337,1
3009,145342,1
3010,145354,2
3011,145375,1
3012,145393,1
3013,145436,1
3014,145443,1
3015,145452,2
3016,145453,2
3017,145470,2
3018,145502,1
3019,145531,0
3020,145549,1
3021,145550,1
3022,145571,1
3023,145586,0
3024,145598,0
3025,145599,2
3026,145608,1
3027,145672,1
3028,145679,0
3029,145695,1
3030,145705,1
3031,145740,1
3032,145741,0
3033,145743,1
3034,145776,0
3035,145781,0
3036,145793,0
3037,145813,1
3038,145818,1
3039,145831,1
3040,145832,1
3041,145835,2
3042,145850,1
3043,145868,2
3044,145875,0
3045,145879,1
3046,145898,2
3047,145916,1
3048,145922,2
3049,145935,0
3050,145951,1
3051,145963,0
3052,145969,0
3053,145973,2
3054,145975,1
3055,145976,1
3056,146016,0
3057,146019,1
3058,146029,1
3059,146033,2
3060,146049,1
3061,146060,0
3062,146074,1
3063,146122,0
3064,146133,1
3065,146135,1
3066,146136,2
3067,146148,1
3068,146179,1
3069,146201,0
3070,146204,1
3071,146206,0
3072,146223,1
3073,146233,2
3074,146256,0
3075,146294,0
3076,146316,2
3077,146334,0
3078,146348,0
3079,146357,0
3080,146376,1
3081,146425,1
3082,146437,2
3083,146445,1
3084,146513,0
3085,146528,1
3086,146554,0
3087,146584,1
3088,146594,0
3089,146601,1
3090,146640,2
3091,146645,0
3092,146650,0
3093,146687,1
3094,146691,1
3095,146697,1
3096,146719,0
3097,146741,0
3098,146743,0
3099,146762,1
3100,146764,2
3101,146808,1
3102,146818,0
3103,146846,1
3104,146866,1
3105,146899,0
3106,146903,1
3107,146907,1
3108,146929,2
3109,146936,1
3110,146952,1
3111,146968,1
3112,147019,0
3113,147022,1
3114,147040,1
3115,147046,1
3116,147063,0
3117,147081,0
3118,147082,2
3119,147111,1
3120,147122,1
3121,147133,0
3122,147152,1
3123,147153,1
3124,147159,1
3125,147167,0
3126,147204,0
3127,147211,1
3128,147218,1
3129,147230,2
3130,147232,1
3131,147244,2
3132,147261,0
3133,147273,1
3134,147303,1
3135,147305,2
3136,147319,0
3137,147328,2
3138,147340,0
3139,147359,2
3140,147362,2
3141,147384,1
3142,147413,1
3143,147427,1
3144,147441,0
3145,147444,1
3146,147455,1
3147,147459,0
3148,147466,1
3149,147489,1
3150,147503,0
3151,147525,0
3152,147532,1
3153,147539,0
3154,147546,1
3155,147549,2
3156,147596,2
3157,147619,0
3158,147627,1
3159,147631,1
3160,147670,2
3161,147673,0
3162,147701,0
3163,147706,2
3164,147715,1
3165,147718,2
3166,147748,0
3167,147766,2
3168,147786,1
3169,147800,0
3170,147811,2
3171,147826,0
3172,147844,2
3173,147845,1
3174,147864,0
3175,147924,0
3176,147930,2
3177,147943,1
3178,147951,0
3179,147969,1
3180,147971,1
3181,147972,0
3182,147991,0
3183,148009,0
3184,148038,0
3185,148051,1
3186,148072,0
3187,148077,0
3188,148088,2
3189,148106,1
3190,148113,2
3191,148122,0
3192,148178,1
3193,148196,1
3194,148223,0
3195,148230,0
3196,148247,1
3197,148253,0
3198,148254,1
3199,148257,0
3200,148261,1
3201,148274,2
3202,148280,1
3203,148298,1
3204,148319,0
3205,148325,2
3206,148329,1
3207,148338,1
3208,148342,1
3209,148355,1
3210,148358,1
3211,148374,1
3212,148381,2
3213,148461,1
3214,148487,2
3215,148529,0
3216,148570,2
3217,148575,0
3218,148611,1
3219,148620,1
3220,148653,1
3221,148702,0
3222,148729,0
3223,148734,1
3224,148744,0
3225,148766,2
3226,148771,1
3227,148776,1
3228,148795,1
3229,148805,1
3230,148814,1
3231,148826,1
3232,148856,0
3233,148859,0
3234,148862,1
3235,148863,1
3236,148864,1
3237,148881,0
3238,148911,1
3239,148926,0
3240,148937,0
3241,148962,2
3242,148968,1
3243,148971,1
3244,148990,1
3245,149081,0
3246,149103,0
3247,149112,1
3248,149119,2
3249,149141,1
3250,149143,0
3251,149151,0
3252,149163,1
3253,149188,2
3254,149207,0
3255,149213,2
3256,149222,1
3257,149224,1
3258,149227,0
3259,149229,1
3260,149246,2
3261,149254,0
3262,149271,0
3263,149280,0
3264,149281,1
3265,149294,2
3266,149302,2
3267,149321,0
3268,149323,1
3269,149324,1
3270,149326,1
3271,149330,1
3272,149352,1
3273,149364,1
3274,149382,0
3275,149390,1
3276,149463,0
3277,149483,0
3278,149497,1
3279,149509,0
3280,149514,0
3281,149516,1
3282,149527,0
3283,149536,1
3284,149547,1
3285,149572,0
3286,149577,2
3287,149603,0
3288,149627,1
3289,149658,2
3290,149659,0
3291,149666,0
3292,149704,1
3293,149722,1
3294,149771,1
3295,149775,1
3296,149785,2
3297,149797,2
3298,149798,0
3299,149800,2
3300,149806,1
3301,149812,2
3302,149841,1
3303,149870,1
3304,149874,1
3305,149881,1
3306,149922,1
3307,149936,0
3308,149938,1
3309,149967,0
3310,149983,2
3311,149988,1
3312,149992,1
3313,150004,1
3314,150021,1
3315,150022,2
3316,150038,1
3317,150071,1
3318,150078,2
3319,150081,1
3320,150082,0
3321,150124,1
3322,150138,1
3323,150148,2
3324,150162,2
3325,150164,2
3326,150177,1
3327,150182,0
3328,150190,1
3329,150195,0
3330,150199,1
3331,150274,1
3332,150307,2
3333,150325,1
3334,150333,0
3335,150343,1
3336,150347,0
3337,150353,0
3338,150358,0
3339,150370,0
3340,150374,1
3341,150389,0
3342,150399,1
3343,150402,0
3344,150472,1
3345,150477,1
3346,150480,0
3347,150491,2
3348,150493,1
3349,150499,2
3350,150500,1
3351,150529,1
3352,150545,1
3353,150563,1
3354,150582,2
3355,150590,0
3356,150604,1
3357,150618,1
3358,150623,0
3359,150645,2
3360,150662,1
3361,150670,1
3362,150681,1
3363,150683,1
3364,150717,0
3365,150731,1
3366,150746,2
3367,150749,1
3368,150764,1
3369,150776,1
3370,150785,0
3371,150793,1
3372,150798,1
3373,150803,0
3374,150841,2
3375,150846,1
3376,150870,1
3377,150893,0
3378,150911,1
3379,150916,0
3380,150933,1
3381,150942,1
3382,150954,1
3383,150967,1
3384,150981,1
3385,150984,0
3386,151026,1
3387,151039,0
3388,151068,0
3389,151079,2
3390,151082,0
3391,151109,0
3392,151118,2
3393,151122,2
3394,151180,0
3395,151212,1
3396,151220,2
3397,151221,1
3398,151224,0
3399,151252,1
3400,151263,0
3401,151285,1
3402,151296,1
3403,151306,1
3404,151323,0
3405,151326,1
3406,151329,2
3407,151332,1
3408,151345,1
3409,151356,2
3410,151361,1
3411,151380,1
3412,151410,0
3413,151417,2
3414,151438,0
3415,151455,2
3416,151465,2
3417,151516,1
3418,151531,1
3419,151545,1
3420,151546,1
3421,151556,0
3422,151561,0
3423,151564,0
3424,151577,2
3425,151581,1
3426,151582,0
3427,151588,0
3428,151596,0
3429,151599,1
3430,151601,1
3431,151622,1
3432,151639,2
3433,151641,0
3434,151655,1
3435,151659,1
3436,151663,2
3437,151672,0
3438,151678,1
3439,151685,1
3440,151686,2
3441,151687,0
3442,151688,1
3443,151695,2
3444,151741,1
3445,151742,0
3446,151748,1
3447,151752,1
3448,151758,1
3449,151776,0
3450,151787,1
3451,151805,0
3452,151808,2
3453,151819,1
3454,151845,1
3455,151851,1
3456,151884,1
3457,151891,1
3458,151931,2
3459,151937,2
3460,151943,1
3461,151953,1
3462,151955,0
3463,151965,1
3464,151996,1
3465,152041,1
3466,152050,1
3467,152058,0
3468,152063,1
3469,152112,2
3470,152129,2
3471,152141,0
3472,152177,1
3473,152179,1
3474,152209,0
3475,152219,0
3476,152224,0
3477,152282,0
3478,152289,0
3479,152297,2
3480,152299,1
3481,152313,0
3482,152318,1
3483,152368,1
3484,152406,2
3485,152439,2
3486,152459,2
3487,152461,0
3488,152463,2
3489,152470,1
3490,152472,1
3491,152487,1
3492,152494,2
3493,152500,1
3494,152528,1
3495,152532,1
3496,152535,1
3497,152539,1
3498,152543,0
3499,152567,0
3500,152575,2
3501,152592,0
3502,152597,0
3503,152611,2
3504,152630,2
3505,152647,1
3506,152681,0
3507,152706,2
3508,152711,1
3509,152721,2
3510,152733,0
3511,152804,0
3512,152809,0
3513,152814,1
3514,152844,1
3515,152853,0
3516,152889,0
3517,152927,1
3518,152932,1
3519,152955,1
3520,153016,1
3521,153037,0
3522,153059,0
3523,153076,1
3524,153089,0
3525,153102,0
3526,153113,1
3527,153117,0
3528,153119,0
3529,153131,0
3530,153132,1
3531,153194,0
3532,153197,1
3533,153202,1
3534,153214,1
3535,153243,0
3536,153247,0
3537,153258,0
3538,153303,0
3539,153351,1
3540,153363,0
3541,153378,0
3542,153381,1
3543,153389,1
3544,153405,0
3545,153412,0
3546,153423,0
3547,153427,1
3548,153436,2
3549,153443,2
3550,153463,1
3551,153482,2
3552,153492,2
3553,153497,1
3554,153523,0
3555,153582,1
3556,153587,2
3557,153593,1
3558,153603,0
3559,153647,1
3560,153666,0
3561,153680,1
3562,153689,2
3563,153709,0
3564,153719,0
3565,153742,2
3566,153751,2
3567,153755,2
3568,153761,0
3569,153767,1
3570,153792,1
3571,153808,1
3572,153831,1
3573,153842,0
3574,153855,0
3575,153858,0
3576,153888,0
3577,153898,0
3578,153904,1
3579,153933,1
3580,153942,1
3581,153963,0
3582,153988,2
3583,154002,1
3584,154009,1
3585,154015,1
3586,154021,1
3587,154040,1
3588,154064,2
3589,154067,0
3590,154073,0
3591,154101,0
3592,154138,1
3593,154139,0
3594,154172,2
3595,154185,0
3596,154222,1
3597,154228,2
3598,154232,1
3599,154238,1
3600,154268,0
3601,154309,1
3602,154319,1
3603,154322,1
3604,154334,1
3605,154352,1
3606,154367,1
3607,154396,1
3608,154402,2
3609,154406,0
3610,154409,1
3611,154426,0
3612,154427,1
3613,154505,0
3614,154515,1
3615,154521,1
3616,154538,0
3617,154549,1
3618,154564,2
3619,154604,2
3620,154618,1
3621,154619,1
3622,154628,0
3623,154640,0
3624,154642,0
3625,154669,1
3626,154726,1
3627,154731,2
3628,154753,1
3629,154765,0
3630,154771,0
3631,154801,0
3632,154805,1
3633,154813,0
3634,154816,0
3635,154822,1
3636,154824,0
3637,154847,1
3638,154854,2
3639,154862,2
3640,154875,0
3641,154885,2
3642,154896,0
3643,154900,1
3644,154914,1
3645,154923,1
3646,154956,1
3647,154967,0
3648,154975,0
3649,154983,0
3650,154986,0
3651,154994,0
3652,155000,2
3653,155036,1
3654,155041,1
3655,155074,0
3656,155077,1
3657,155093,0
3658,155096,1
3659,155158,0
3660,155169,2
3661,155188,1
3662,155197,1
3663,155223,1
3664,155240,0
3665,155242,2
3666,155251,1
3667,155310,1
3668,155346,2
3669,155348,1
3670,155350,1
3671,155357,1
3672,155374,1
3673,155379,1
3674,155382,0
3675,155386,0
3676,155393,2
3677,155446,0
3678,155463,1
3679,155483,0
3680,155486,0
3681,155496,1
3682,155527,0
3683,155530,1
3684,155564,1
3685,155582,1
3686,155614,0
3687,155631,1
3688,155649,1
3689,155650,0
3690,155662,2
3691,155672,1
3692,155702,1
3693,155719,1
3694,155743,0
3695,155746,1
3696,155769,1
3697,155810,1
3698,155812,1
3699,155816,1
3700,155829,1
3701,155865,1
3702,155902,1
3703,155906,0
3704,155925,1
3705,155958,1
3706,155973,1
3707,155991,0
3708,155994,0
3709,156023,1
3710,156038,0
3711,156044,1
3712,156053,1
3713,156057,0
3714,156109,0
3715,156116,1
3716,156119,1
3717,156124,1
3718,156146,1
3719,156149,1
3720,156159,2
3721,156196,0
3722,156200,1
3723,156206,0
3724,156209,0
3725,156214,2
3726,156218,1
3727,156227,1
3728,156239,1
3729,156246,1
3730,156250,1
3731,156265,1
3732,156281,2
3733,156283,0
3734,156291,0
3735,156300,2
3736,156308,1
3737,156321,0
3738,156322,0
3739,156339,0
3740,156341,1
3741,156355,1
3742,156360,0
3743,156363,0
3744,156396,1
3745,156422,0
3746,156463,1
3747,156478,2
3748,156493,2
3749,156513,0
3750,156519,0
3751,156525,1
3752,156541,2
3753,156585,0
3754,156588,2
3755,156615,1
3756,156650,0
3757,156654,0
3758,156674,1
3759,156698,2
3760,156701,2
3761,156726,2
3762,156739,1
3763,156748,1
3764,156756,1
3765,156788,2
3766,156791,0
3767,156798,0
3768,156806,1
3769,156813,1
3770,156819,0
3771,156825,0
3772,156860,0
3773,156879,2
3774,156944,0
3775,156968,0
3776,156978,1
3777,156979,0
3778,156980,1
3779,156995,1
3780,156997,1
3781,157009,0
3782,157023,1
3783,157038,0
3784,157040,1
3785,157048,0
3786,157050,0
3787,157059,1
3788,157067,2
3789,157106,0
3790,157130,0
3791,157133,1
3792,157134,1
3793,157136,2
3794,157161,0
3795,157167,2
3796,157222,2
3797,157224,1
3798,157234,0
3799,157238,2
3800,157247,0
3801,157278,0
3802,157280,1
3803,157309,1
3804,157311,2
3805,157312,1
3806,157372,0
3807,157374,1
3808,157375,2
3809,157382,0
3810,157414,1
3811,157416,1
3812,157420,2
3813,157443,0
3814,157451,1
3815,157476,1
3816,157484,0
3817,157498,1
3818,157525,1
3819,157530,0
3820,157536,2
3821,157596,2
3822,157603,1
3823,157617,1
3824,157621,0
3825,157622,0
3826,157660,1
3827,157717,1
3828,157726,0
3829,157734,1
3830,157736,1
3831,157738,1
3832,157779,0
3833,157794,2
3834,157798,1
3835,157815,0
3836,157818,1
3837,157822,1
3838,157835,1
3839,157837,1
3840,157852,0
3841,157861,0
3842,157899,1
3843,157902,0
3844,157909,2
3845,157919,1
3846,157926,1
3847,157950,0
3848,157953,1
3849,157974,1
3850,157982,0
3851,157989,0
3852,157993,1
3853,158016,1
3854,158085,2
3855,158098,1
3856,158112,1
3857,158119,2
3858,158138,1
3859,158152,0
3860,158193,0
3861,158199,1
3862,158226,1
3863,158247,1
3864,158267,0
3865,158283,1
3866,158286,1
3867,158298,2
3868,158340,1
3869,158360,1
3870,158369,1
3871,158375,1
3872,158387,1
3873,158392,0
3874,158414,0
3875,158434,2
3876,158450,0
3877,158457,0
3878,158481,0
3879,158486,1
3880,158490,0
3881,158497,0
3882,158512,0
3883,158520,1
3884,158538,1
3885,158548,1
3886,158551,1
3887,158575,0
3888,158617,1
3889,158626,0
3890,158637,1
3891,158650,1
3892,158651,1
3893,158678,0
3894,158707,1
3895,158709,0
3896,158720,2
3897,158756,1
3898,158767,1
3899,158787,1
3900,158798,1
3901,158839,1
3902,158885,1
3903,158888,1
3904,158900,0
3905,158905,0
3906,158912,2
3907,158918,1
3908,158924,1
3909,158950,1
3910,158969,0
3911,158972,1
3912,158998,0
3913,159015,0
3914,159017,1
3915,159053,0
3916,159058,1
3917,159066,2
3918,159070,0
3919,159071,0
3920,159078,1
3921,159080,1
3922,159094,0
3923,159111,0
3924,159137,0
3925,159144,0
3926,159167,0
3927,159169,0
3928,159174,1
3929,159211,1
3930,159242,1
3931,159263,0
3932,159299,1
3933,159327,0
3934,159369,1
3935,159372,1
3936,159391,0
3937,159432,2
3938,159446,1
3939,159458,1
3940,159468,1
3941,159478,2
3942,159483,0
3943,159485,1
3944,159501,0
3945,159521,1
3946,159552,0
3947,159556,1
3948,159563,1
3949,159568,0
3950,159575,1
3951,159599,1
3952,159610,0
3953,159630,1
3954,159632,1
3955,159633,2
3956,159649,1
3957,159679,1
3958,159683,1
3959,159697,1
3960,159698,1
3961,159714,0
3962,159717,1
3963,159754,1
3964,159759,0
3965,159771,0
3966,159781,1
3967,159796,0
3968,159803,1
3969,159804,1
3970,159809,1
3971,159810,0
3972,159820,1
3973,159823,2
3974,159832,2
3975,159833,1
3976,159846,0
3977,159847,2
3978,159862,2
3979,159874,1
3980,159880,1
3981,159896,1
3982,159900,1
3983,159949,0
3984,159959,0
3985,159962,0
3986,160009,0
3987,160030,0
3988,160058,1
3989,160091,1
3990,160100,1
3991,160108,1
3992,160115,1
3993,160116,1
3994,160144,1
3995,160152,2
3996,160157,2
3997,160161,2
3998,160162,0
3999,160172,2
4000,160187,1
4001,160204,2
4002,160222,1
4003,160227,0
4004,160244,0
4005,160261,0
4006,160282,1
4007,160285,0
4008,160290,1
4009,160302,1
4010,160309,1
4011,160321,0
4012,160345,2
4013,160385,2
4014,160395,0
4015,160411,2
4016,160415,1
4017,160422,0
4018,160426,1
4019,160430,0
4020,160439,1
4021,160489,0
4022,160503,1
4023,160566,1
4024,160571,0
4025,160578,1
4026,160588,1
4027,160609,1
4028,160613,1
4029,160623,0
4030,160630,1
4031,160693,0
4032,160701,1
4033,160708,0
4034,160720,1
4035,160722,0
4036,160730,2
4037,160757,0
4038,160764,0
4039,160773,1
4040,160804,1
4041,160807,0
4042,160809,2
4043,160815,1
4044,160832,2
4045,160848,1
4046,160851,0
4047,160852,0
4048,160859,2
4049,160862,0
4050,160870,0
4051,160896,2
4052,160899,1
4053,160900,2
4054,160901,1
4055,160904,1
4056,160920,0
4057,160921,2
4058,160934,0
4059,160936,0
4060,160937,0
4061,160962,1
4062,160963,1
4063,160964,1
4064,160966,0
4065,160999,2
4066,161030,1
4067,161031,1
4068,161041,1
4069,161048,1
4070,161053,1
4071,161060,1
4072,161074,1
4073,161087,0
4074,161090,1
4075,161106,1
4076,161149,1
4077,161152,2
4078,161166,0
4079,161178,0
4080,161215,2
4081,161216,1
4082,161230,2
4083,161232,1
4084,161243,0
4085,161248,0
4086,161253,1
4087,161256,2
4088,161270,1
4089,161276,0
4090,161279,2
4091,161289,1
4092,161295,0
4093,161300,1
4094,161313,0
4095,161323,0
4096,161347,0
4097,161349,2
4098,161372,1
4099,161379,2
4100,161385,2
4101,161407,1
4102,161421,0
4103,161433,1
4104,161435,2
4105,161446,0
4106,161459,1
4107,161485,1
4108,161494,1
4109,161508,0
4110,161520,1
4111,161522,1
4112,161524,1
4113,161537,1
4114,161538,0
4115,161541,2
4116,161542,2
4117,161583,1
4118,161588,1
4119,161618,1
4120,161631,0
4121,161632,1
4122,161650,1
4123,161651,1
4124,161656,1
4125,161682,1
4126,161709,1
4127,161731,1
4128,161735,2
4129,161764,2
4130,161783,1
4131,161784,1
4132,161786,1
4133,161798,0
4134,161799,0
4135,161803,1
4136,161812,1
4137,161834,0
4138,161835,2
4139,161845,1
4140,161858,1
4141,161860,0
4142,161884,1
4143,161891,0
4144,161901,1
4145,161930,1
4146,162015,0
4147,162041,2
4148,162048,1
4149,162052,0
4150,162090,0
4151,162116,1
4152,162131,1
4153,162141,2
4154,162153,1
4155,162173,0
4156,162195,1
4157,162196,1
4158,162204,0
4159,162210,1
4160,162212,1
4161,162233,1
4162,162234,0
4163,162242,1
4164,162249,1
4165,162255,1
4166,162287,1
4167,162301,0
4168,162319,2
4169,162328,1
4170,162332,0
4171,162334,1
4172,162345,1
4173,162348,1
4174,162372,0
4175,162376,0
4176,162380,1
4177,162389,1
4178,162421,2
4179,162438,1
4180,162455,0
4181,162469,1
4182,162498,1
4183,162506,1
4184,162538,0
4185,162557,0
4186,162562,1
4187,162565,1
4188,162571,1
4189,162573,2
4190,162589,1
4191,162608,1
4192,162627,0
4193,162640,1
4194,162655,1
4195,162691,0
4196,162702,1
4197,162707,0
4198,162708,1
4199,162727,2
4200,162731,0
4201,162740,0
4202,162752,0
4203,162756,2
4204,162769,0
4205,162809,0
4206,162813,0
4207,162829,0
4208,162832,1
4209,162843,1
4210,162860,1
4211,162864,1
4212,162893,2
4213,162911,1
4214,162916,0
4215,162926,0
4216,162938,2
4217,162950,1
4218,162974,2
4219,162975,1
4220,163002,0
4221,163008,2
4222,163023,0
4223,163026,2
4224,163028,0
4225,163046,1
4226,163047,0
4227,163078,0
4228,163121,0
4229,163153,0
4230,163160,0
4231,163167,2
4232,163168,1
4233,163209,0
4234,163210,0
4235,163221,1
4236,163252,1
4237,163256,1
4238,163284,1
4239,163288,0
4240,163299,0
4241,163311,0
4242,163323,0
4243,163352,1
4244,163361,1
4245,163429,1
4246,163435,1
4247,163443,1
4248,163445,0
4249,163454,1
4250,163458,0
4251,163462,0
4252,163477,1
4253,163489,1
4254,163528,2
4255,163537,0
4256,163541,1
4257,163545,0
4258,163552,1
4259,163558,1
4260,163584,1
4261,163606,1
4262,163618,0
4263,163623,1
4264,163654,0
4265,163668,1
4266,163697,0
4267,163698,0
4268,163699,1
4269,163702,1
4270,163726,1
4271,163745,0
4272,163753,2
4273,163755,0
4274,163756,1
4275,163761,1
4276,163772,1
4277,163795,1
4278,163809,1
4279,163823,1
4280,163839,0
4281,163861,1
4282,163895,1
4283,163972,0
4284,164005,0
4285,164007,1
4286,164016,1
4287,164053,0
4288,164055,0
4289,164059,0
4290,164088,1
4291,164089,1
4292,164097,0
4293,164105,2
4294,164194,0
4295,164198,1
4296,164199,2
4297,164210,1
4298,164217,0
4299,164226,1
4300,164254,1
4301,164257,1
4302,164277,1
4303,164433,1
4304,164450,0
4305,164489,0
4306,164492,2
4307,164494,0
4308,164513,0
4309,164515,0
4310,164521,2
4311,164530,0
4312,164546,0
4313,164547,1
4314,164550,1
4315,164564,1
4316,164569,2
4317,164588,0
4318,164609,1
4319,164620,1
4320,164645,1
4321,164678,2
4322,164688,1
4323,164705,1
4324,164730,1
4325,164747,1
4326,164760,1
4327,164774,1
4328,164776,1
4329,164785,1
4330,164786,2
4331,164812,2
4332,164823,2
4333,164824,1
4334,164826,1
4335,164828,1
4336,164832,0
4337,164836,1
4338,164862,1
4339,164903,2
4340,164918,0
4341,164992,0
4342,165004,0
4343,165015,2
4344,165083,0
4345,165086,0
4346,165087,0
4347,165098,0
4348,165125,2
4349,165128,2
4350,165129,1
4351,165131,1
4352,165140,1
4353,165165,2
4354,165169,0
4355,165174,1
4356,165192,0
4357,165193,0
4358,165216,1
4359,165226,1
4360,165227,1
4361,165251,0
4362,165253,0
4363,165279,1
4364,165288,1
4365,165305,1
4366,165326,0
4367,165330,1
4368,165338,1
4369,165341,1
4370,165342,1
4371,165354,0
4372,165356,1
4373,165364,1
4374,165383,1
4375,165389,0
4376,165390,1
4377,165408,0
4378,165416,1
4379,165426,1
4380,165432,2
4381,165449,0
4382,165533,0
4383,165571,0
4384,165572,1
4385,165576,1
4386,165588,0
4387,165612,1
4388,165614,0
4389,165625,2
4390,165645,1
4391,165665,0
4392,165688,0
4393,165725,2
4394,165742,1
4395,165747,0
4396,165766,1
4397,165772,0
4398,165813,1
4399,165815,2
4400,165824,0
4401,165838,1
4402,165857,1
4403,165873,1
4404,165884,0
4405,165894,1
4406,165916,1
4407,165924,1
4408,165952,1
4409,165968,0
4410,165983,0
4411,166003,1
4412,166006,0
4413,166007,0
4414,166020,1
4415,166036,2
4416,166037,1
4417,166062,1
4418,166068,0
4419,166101,0
4420,166124,0
4421,166152,1
4422,166164,2
4423,166224,1
4424,166231,2
4425,166250,0
4426,166254,0
4427,166262,0
4428,166276,1
4429,166289,1
4430,166300,2
4431,166303,2
4432,166317,2
4433,166323,2
4434,166337,0
4435,166347,1
4436,166352,1
4437,166361,2
4438,166381,1
4439,166388,0
4440,166402,1
4441,166426,1
4442,166453,2
4443,166462,1
4444,166470,0
4445,166485,2
4446,166507,1
4447,166523,2
4448,166538,1
4449,166559,0
4450,166578,0
4451,166587,1
4452,166592,1
4453,166600,1
4454,166601,0
4455,166614,0
4456,166640,1
4457,166646,1
4458,166672,1
4459,166711,0
4460,166712,0
4461,166728,2
4462,166743,2
4463,166755,0
4464,166762,2
4465,166775,2
4466,166785,0
4467,166786,0
4468,166816,0
4469,166827,0
4470,166859,0
4471,166905,1
4472,166908,1
4473,166936,1
4474,166938,0
4475,166961,2
4476,166973,0
4477,166975,1
4478,166977,1
4479,166980,0
4480,166981,1
4481,166989,1
4482,167004,1
4483,167027,0
4484,167029,1
4485,167074,0
4486,167080,1
4487,167086,2
4488,167093,1
4489,167095,1
4490,167102,1
4491,167104,0
4492,167259,1
4493,167266,0
4494,167284,1
4495,167288,1
4496,167305,1
4497,167311,2
4498,167317,0
4499,167344,0
4500,167352,1
4501,167367,0
4502,167387,0
4503,167416,1
4504,167424,1
4505,167426,2
4506,167455,0
4507,167460,1
4508,167476,0
4509,167493,0
4510,167507,0
4511,167518,1
4512,167529,0
4513,167551,0
4514,167567,1
4515,167573,1
4516,167574,0
4517,167608,0
4518,167609,1
4519,167613,0
4520,167641,1
4521,167659,0
4522,167674,2
4523,167695,1
4524,167700,0
4525,167716,1
4526,167725,2
4527,167728,0
4528,167770,0
4529,167776,1
4530,167782,2
4531,167786,0
4532,167793,1
4533,167801,2
4534,167831,2
4535,167856,1
4536,167857,1
4537,167864,1
4538,167887,2
4539,167902,1
4540,167917,1
4541,167935,2
4542,167951,0
4543,167959,2
4544,167962,1
4545,168009,1
4546,168057,0
4547,168064,1
4548,168073,1
4549,168082,0
4550,168097,1
4551,168116,1
4552,168133,0
4553,168158,1
4554,168190,0
4555,168191,2
4556,168197,0
4557,168198,1
4558,168217,0
4559,168225,1
4560,168252,2
4561,168261,1
4562,168266,0
4563,168273,1
4564,168280,1
4565,168282,1
4566,168299,1
4567,168348,0
4568,168367,0
4569,168384,0
4570,168395,2
4571,168425,0
4572,168436,1
4573,168471,1
4574,168472,0
4575,168474,0
4576,168481,1
4577,168490,0
4578,168491,1
4579,168523,1
4580,168533,0
4581,168558,0
4582,168559,1
4583,168561,1
4584,168564,1
4585,168614,1
4586,168615,2
4587,168631,0
4588,168640,0
4589,168653,2
4590,168655,1
4591,168656,0
4592,168657,0
4593,168690,2
4594,168695,1
4595,168702,0
4596,168724,0
4597,168733,1
4598,168749,0
4599,168750,2
4600,168769,1
4601,168795,1
4602,168825,1
4603,168858,0
4604,168872,1
4605,168907,1
4606,168910,1
4607,168921,1
4608,168971,2
4609,168982,1
4610,169023,0
4611,169072,1
4612,169079,0
4613,169089,0
4614,169113,0
4615,169125,1
4616,169129,1
4617,169144,0
4618,169150,0
4619,169162,2
4620,169171,2
4621,169180,1
4622,169190,2
4623,169214,1
4624,169244,1
4625,169280,0
4626,169290,1
4627,169298,1
4628,169307,0
4629,169309,1
4630,169311,1
4631,169333,0
4632,169340,0
4633,169363,1
4634,169366,0
4635,169370,1
4636,169371,2
4637,169380,1
4638,169391,1
4639,169394,1
4640,169404,1
4641,169407,2
4642,169469,1
4643,169492,0
4644,169504,0
4645,169505,1
4646,169507,0
4647,169512,2
4648,169522,0
4649,169526,2
4650,169530,1
4651,169554,2
4652,169559,0
4653,169651,1
4654,169660,0
4655,169663,1
4656,169679,0
4657,169695,1
4658,169716,2
4659,169728,1
4660,169740,0
4661,169744,2
4662,169755,1
4663,169758,2
4664,169760,0
4665,169764,1
4666,169775,2
4667,169788,2
4668,169790,0
4669,169792,1
4670,169810,1
4671,169821,0
4672,169833,0
4673,169850,1
4674,169897,0
4675,169906,1
4676,169924,1
4677,169927,1
4678,169964,1
4679,169987,1
4680,169996,2
4681,170012,1
4682,170018,1
4683,170056,1
4684,170070,1
4685,170075,0
4686,170093,1
4687,170106,0
4688,170119,0
4689,170130,1
4690,170144,0
4691,170168,0
4692,170173,0
4693,170208,1
4694,170210,0
4695,170224,0
4696,170254,2
4697,170259,2
4698,170278,1
4699,170286,1
4700,170296,1
4701,170324,1
4702,170340,1
4703,170373,1
4704,170396,1
4705,170415,1
4706,170444,1
4707,170517,1
4708,170549,1
4709,170565,1
4710,170579,1
4711,170583,0
4712,170599,1
4713,170606,0
4714,170629,2
4715,170633,0
4716,170637,0
4717,170644,1
4718,170648,0
4719,170658,2
4720,170659,1
4721,170676,2
4722,170687,1
4723,170725,0
4724,170735,1
4725,170744,1
4726,170755,2
4727,170760,0
4728,170771,1
4729,170774,1
4730,170789,2
4731,170801,0
4732,170825,0
4733,170841,1
4734,170855,0
4735,170858,2
4736,170916,0
4737,170925,1
4738,170947,0
4739,170954,0
4740,170968,2
4741,170975,1
4742,171012,2
4743,171016,0
4744,171031,1
4745,171055,1
4746,171098,1
4747,171110,2
4748,171113,1
4749,171118,1
4750,171120,1
4751,171129,1
4752,171131,1
4753,171154,0
4754,171161,1
4755,171164,1
4756,171173,1
4757,171178,1
4758,171192,1
4759,171198,1
4760,171238,1
4761,171250,0
4762,171296,2
4763,171301,1
4764,171355,0
4765,171366,0
4766,171368,1
4767,171372,2
4768,171406,1
4769,171429,0
4770,171435,2
4771,171436,1
4772,171447,1
4773,171451,1
4774,171459,1
4775,171463,0
4776,171487,0
4777,171499,1
4778,171535,1
4779,171555,1
4780,171558,1
4781,171562,2
4782,171573,1
4783,171597,0
4784,171613,1
4785,171617,1
4786,171620,2
4787,171627,2
4788,171644,0
4789,171645,1
4790,171654,1
4791,171658,0
4792,171659,1
4793,171661,1
4794,171662,2
4795,171674,1
4796,171697,0
4797,171738,1
4798,171744,0
4799,171766,1
4800,171801,0
4801,171804,0
4802,171808,1
4803,171869,2
4804,171904,1
4805,171955,0
4806,171971,1
4807,171979,0
4808,171998,2
4809,172013,0
4810,172017,2
4811,172034,2
4812,172044,2
4813,172055,2
4814,172070,0
4815,172075,1
4816,172145,0
4817,172148,1
4818,172156,0
4819,172226,1
4820,172259,0
4821,172275,0
4822,172276,1
4823,172278,1
4824,172287,1
4825,172306,1
4826,172329,0
4827,172348,0
4828,172349,1
4829,172350,2
4830,172353,1
4831,172356,1
4832,172377,0
4833,172396,1
4834,172407,2
4835,172411,1
4836,172420,1
4837,172421,2
4838,172422,1
4839,172444,1
4840,172450,0
4841,172460,0
4842,172476,1
4843,172477,0
4844,172480,1
4845,172485,1
4846,172491,0
4847,172508,1
4848,172518,1
4849,172519,0
4850,172524,2
4851,172533,2
4852,172538,0
4853,172541,1
4854,172550,2
4855,172616,1
4856,172620,1
4857,172625,0
4858,172626,1
4859,172649,0
4860,172659,2
4861,172661,1
4862,172677,0
4863,172678,1
4864,172685,2
4865,172693,2
4866,172704,2
4867,172709,1
4868,172715,1
4869,172718,1
4870,172725,2
4871,172743,1
4872,172760,1
4873,172764,1
4874,172792,1
4875,172805,1
4876,172820,1
4877,172845,0
4878,172852,0
4879,172857,1
4880,172869,0
4881,172879,1
4882,172881,1
4883,172912,1
4884,172919,1
4885,172928,1
4886,172932,1
4887,172936,0
4888,172968,1
4889,172984,1
4890,172991,2
4891,173007,0
4892,173015,2
4893,173026,1
4894,173031,2
4895,173051,1
4896,173082,0
4897,173107,0
4898,173108,1
4899,173127,1
4900,173134,1
4901,173136,2
4902,173137,1
4903,173145,0
4904,173160,1
4905,173161,0
4906,173176,2
4907,173185,0
4908,173192,0
4909,173197,0
4910,173198,0
4911,173213,1
4912,173221,1
4913,173233,0
4914,173235,2
4915,173236,1
4916,173248,0
4917,173251,1
4918,173254,1
4919,173255,1
4920,173272,0
4921,173286,0
4922,173300,1
4923,173317,0
4924,173351,0
4925,173355,1
4926,173373,2
4927,173382,0
4928,173383,1
4929,173388,2
4930,173392,0
4931,173409,0
4932,173428,2
4933,173439,0
4934,173443,0
4935,173477,0
4936,173485,2
4937,173504,1
4938,173506,1
4939,173542,2
4940,173567,1
4941,173585,2
4942,173586,2
4943,173610,1
4944,173634,2
4945,173635,0
4946,173637,0
4947,173648,1
4948,173702,1
4949,173713,2
4950,173747,1
4951,173756,1
4952,173765,1
4953,173777,1
4954,173779,2
4955,173822,1
4956,173833,0
4957,173837,1
4958,173860,0
4959,173863,0
4960,173911,1
4961,173912,2
4962,173924,1
4963,173964,1
4964,173965,1
4965,173966,1
4966,173991,1
4967,174004,1
4968,174012,1
4969,174019,0
4970,174037,1
4971,174038,0
4972,174051,1
4973,174055,2
4974,174059,1
4975,174060,2
4976,174068,1
4977,174075,1
4978,174077,1
4979,174096,1
4980,174102,2
4981,174105,1
4982,174124,0
4983,174126,0
4984,174129,1
4985,174157,1
4986,174184,1
4987,174188,1
4988,174193,0
4989,174214,0
4990,174245,1
4991,174264,1
4992,174285,2
4993,174317,0
4994,174318,2
4995,174337,1
4996,174338,1
4997,174354,1
4998,174378,1
4999,174391,1
5000,174395,0
5001,174409,1
5002,174414,1
5003,174422,1
5004,174437,1
5005,174440,1
5006,174444,1
5007,174462,0
5008,174490,2
5009,174543,0
5010,174550,0
5011,174555,0
5012,174589,0
5013,174635,0
5014,174658,0
5015,174667,1
5016,174668,0
5017,174669,0
5018,174672,0
5019,174708,1
5020,174709,1
5021,174719,0
5022,174741,1
5023,174767,0
5024,174781,1
5025,174806,1
5026,174828,1
5027,174834,2
5028,174841,0
5029,174852,1
5030,174860,0
5031,174863,1
5032,174864,0
5033,174891,1
5034,174904,0
5035,174914,0
5036,174915,0
5037,174930,0
5038,174959,0
5039,174962,0
5040,174990,1
5041,175001,1
5042,175024,1
5043,175044,2
5044,175091,0
5045,175100,0
5046,175124,1
5047,175144,0
5048,175145,1
5049,175164,0
5050,175165,1
5051,175174,0
5052,175175,0
5053,175178,2
5054,175192,1
5055,175197,2
5056,175198,0
5057,175200,1
5058,175205,1
5059,175217,1
5060,175227,2
5061,175237,2
5062,175250,0
5063,175254,0
5064,175260,0
5065,175272,2
5066,175303,1
5067,175307,2
5068,175314,2
5069,175356,0
5070,175374,2
5071,175379,1
5072,175433,0
5073,175442,1
5074,175480,1
5075,175507,1
5076,175524,2
5077,175537,0
5078,175551,2
5079,175567,2
5080,175602,1
5081,175604,0
5082,175668,1
5083,175690,1
5084,175699,2
5085,175708,0
5086,175714,1
5087,175725,0
5088,175742,2
5089,175749,2
5090,175754,0
5091,175756,0
5092,175761,0
5093,175765,1
5094,175783,1
5095,175812,0
5096,175827,1
5097,175842,2
5098,175855,0
5099,175859,0
5100,175862,1
5101,175866,1
5102,175888,1
5103,175894,0
5104,175899,0
5105,175909,1
5106,175912,1
5107,175917,0
5108,175930,1
5109,175937,1
5110,175962,0
5111,175995,1
5112,176036,1
5113,176068,1
5114,176095,2
5115,176101,1
5116,176103,0
5117,176111,1
5118,176119,2
5119,176126,0
5120,176168,1
5121,176185,0
5122,176207,0
5123,176210,0
5124,176213,1
5125,176220,0
5126,176249,0
5127,176251,0
5128,176293,0
5129,176297,0
5130,176298,2
5131,176303,2
5132,176322,0
5133,176335,2
5134,176355,2
5135,176385,1
5136,176405,0
5137,176407,1
5138,176408,0
5139,176409,0
5140,176412,1
5141,176422,2
5142,176434,2
5143,176438,1
5144,176443,1
5145,176461,0
5146,176479,2
5147,176499,1
5148,176540,0
5149,176553,1
5150,176562,1
5151,176576,1
5152,176583,1
5153,176590,0
5154,176605,1
5155,176613,2
5156,176633,0
5157,176639,0
5158,176649,1
5159,176687,1
5160,176710,1
5161,176729,0
5162,176748,2
5163,176756,1
5164,176783,1
5165,176789,1
5166,176797,1
5167,176804,2
5168,176815,0
5169,176864,2
5170,176871,0
5171,176873,2
5172,176879,1
5173,176918,1
5174,176920,1
5175,176954,0
5176,176959,2
5177,176981,0
5178,177016,0
5179,177049,1
5180,177056,1
5181,177074,1
5182,177085,1
5183,177106,1
5184,177119,1
5185,177144,2
5186,177161,0
5187,177194,0
5188,177215,0
5189,177222,1
5190,177256,2
5191,177263,0
5192,177265,0
5193,177281,0
5194,177307,0
5195,177315,2
5196,177324,0
5197,177327,0
5198,177330,1
5199,177342,1
5200,177390,0
5201,177392,0
5202,177394,0
5203,177406,0
5204,177408,1
5205,177413,1
5206,177425,0
5207,177446,1
5208,177491,2
5209,177506,2
5210,177513,1
5211,177517,0
5212,177529,1
5213,177575,0
5214,177585,1
5215,177599,1
5216,177620,0
5217,177629,0
5218,177637,1
5219,177639,0
5220,177648,0
5221,177663,0
5222,177708,1
5223,177737,0
5224,177746,1
5225,177749,0
5226,177755,1
5227,177787,0
5228,177788,1
5229,177789,0
5230,177795,0
5231,177807,1
5232,177833,0
5233,177847,0
5234,177857,1
5235,177859,1
5236,177861,1
5237,177873,1
5238,177900,1
5239,177917,1
5240,177939,0
5241,177960,1
5242,177988,1
5243,178005,0
5244,178013,0
5245,178019,2
5246,178024,0
5247,178026,0
5248,178028,1
5249,178031,0
5250,178043,0
5251,178044,1
5252,178046,1
5253,178054,1
5254,178057,0
5255,178071,1
5256,178093,1
5257,178106,1
5258,178117,2
5259,178122,1
5260,178134,0
5261,178136,1
5262,178172,2
5263,178173,1
5264,178196,1
5265,178261,1
5266,178271,1
5267,178276,0
5268,178305,0
5269,178358,0
5270,178391,1
5271,178400,1
5272,178410,0
5273,178422,1
5274,178434,1
5275,178451,0
5276,178454,0
5277,178456,2
5278,178478,1
5279,178520,1
5280,178531,2
5281,178564,1
5282,178583,0
5283,178601,0
5284,178631,1
5285,178633,1
5286,178644,2
5287,178653,1
5288,178673,0
5289,178685,0
5290,178693,0
5291,178701,1
5292,178738,0
5293,178747,1
5294,178748,1
5295,178752,1
5296,178757,1
5297,178767,1
5298,178814,2
5299,178864,1
5300,178882,0
5301,178888,1
5302,178895,1
5303,178909,1
5304,178910,1
5305,178917,0
5306,178928,1
5307,178942,0
5308,178944,1
5309,178945,1
5310,178948,1
5311,178976,0
5312,178992,0
5313,179003,0
5314,179016,1
5315,179044,0
5316,179049,1
5317,179054,1
5318,179057,1
5319,179059,0
5320,179068,0
5321,179093,1
5322,179099,0
5323,179122,2
5324,179126,1
5325,179135,0
5326,179137,1
5327,179139,0
5328,179143,2
5329,179144,1
5330,179154,1
5331,179166,1
5332,179173,0
5333,179175,1
5334,179182,1
5335,179190,1
5336,179233,1
5337,179246,1
5338,179251,1
5339,179274,2
5340,179280,2
5341,179283,2
5342,179309,1
5343,179339,1
5344,179362,1
5345,179370,1
5346,179380,0
5347,179420,0
5348,179436,0
5349,179441,1
5350,179445,1
5351,179458,0
5352,179502,0
5353,179508,1
5354,179532,2
5355,179534,1
5356,179580,0
5357,179585,1
5358,179592,1
5359,179614,1
5360,179616,1
5361,179633,0
5362,179645,2
5363,179668,2
5364,179681,0
5365,179695,0
5366,179711,0
5367,179730,1
5368,179751,1
5369,179774,2
5370,179778,1
5371,179779,0
5372,179786,0
5373,179791,1
5374,179801,1
5375,179805,0
5376,179810,1
5377,179828,1
5378,179832,0
5379,179859,0
5380,179866,0
5381,179875,2
5382,179904,1
5383,179919,1
5384,179921,0
5385,179925,2
5386,179968,1
5387,179981,0
5388,179983,1
5389,179985,0
5390,180016,0
5391,180031,1
5392,180032,1
5393,180043,2
5394,180047,0
5395,180050,1
5396,180068,2
5397,180080,1
5398,180097,0
5399,180100,2
5400,180124,1
5401,180130,2
5402,180133,2
5403,180145,2
5404,180157,2
5405,180165,2
5406,180203,1
5407,180204,2
5408,180214,1
5409,180219,0
5410,180239,1
5411,180253,1
5412,180260,1
5413,180288,0
5414,180289,1
5415,180300,1
5416,180302,2
5417,180308,2
5418,180314,1
5419,180321,0
5420,180352,1
5421,180357,2
5422,180369,1
5423,180377,0
5424,180381,0
5425,180383,0
5426,180392,0
5427,180393,2
5428,180433,1
5429,180442,0
5430,180504,0
5431,180540,2
5432,180544,1
5433,180598,2
5434,180622,0
5435,180641,1
5436,180645,1
5437,180655,1
5438,180679,1
5439,180682,1
5440,180683,1
5441,180707,0
5442,180725,1
5443,180728,0
5444,180803,1
5445,180808,0
5446,180812,2
5447,180814,1
5448,180821,1
5449,180830,1
5450,180838,1
5451,180846,1
5452,180853,1
5453,180881,0
5454,180888,1
5455,180894,1
5456,180897,1
5457,180940,1
5458,181021,1
5459,181054,2
5460,181056,1
5461,181072,1
5462,181091,0
5463,181094,0
5464,181104,2
5465,181107,1
5466,181113,0
5467,181122,1
5468,181153,2
5469,181159,1
5470,181165,1
5471,181171,0
5472,181174,1
5473,181178,1
5474,181182,1
5475,181199,2
5476,181203,1
5477,181205,1
5478,181229,0
5479,181234,1
5480,181257,1
5481,181286,0
5482,181307,1
5483,181337,0
5484,181369,0
5485,181378,2
5486,181387,1
5487,181395,1
5488,181396,0
5489,181397,1
5490,181400,1
5491,181412,1
5492,181426,1
5493,181443,1
5494,181459,1
5495,181525,1
5496,181531,2
5497,181558,2
5498,181563,0
5499,181595,0
5500,181602,0
5501,181603,1
5502,181618,1
5503,181649,1
5504,181680,1
5505,181705,2
5506,181735,0
5507,181740,1
5508,181745,0
5509,181755,0
5510,181760,0
5511,181766,0
5512,181771,0
5513,181800,1
5514,181802,2
5515,181806,0
5516,181822,1
5517,181828,0
5518,181840,1
5519,181860,2
5520,181900,0
5521,181938,0
5522,181982,0
5523,181985,1
5524,182009,2
5525,182021,1
5526,182036,1
5527,182042,0
5528,182046,1
5529,182053,1
5530,182054,1
5531,182056,1
5532,182091,1
5533,182132,2
5534,182134,2
5535,182165,1
5536,182176,2
5537,182177,1
5538,182188,2
5539,182193,0
5540,182204,1
5541,182213,0
5542,182224,1
5543,182244,0
5544,182250,2
5545,182282,1
5546,182285,0
5547,182301,1
5548,182319,2
5549,182345,1
5550,182348,1
5551,182350,0
5552,182355,1
5553,182378,1
5554,182387,2
5555,182403,1
5556,182409,1
5557,182434,1
5558,182444,1
5559,182470,1
5560,182513,1
5561,182515,0
5562,182522,1
5563,182549,1
5564,182551,1
5565,182558,0
5566,182567,0
5567,182579,0
5568,182611,0
5569,182612,1
5570,182618,0
5571,182619,1
5572,182634,2
5573,182641,2
5574,182642,1
5575,182671,0
5576,182701,1
5577,182718,0
5578,182752,1
5579,182767,0
5580,182785,1
5581,182795,2
5582,182803,0
5583,182837,2
5584,182884,0
5585,182922,1
5586,182947,2
5587,182956,0
5588,182961,2
5589,182971,0
5590,182972,1
5591,182982,1
5592,182988,1
5593,183002,0
5594,183019,0
5595,183053,1
5596,183059,1
5597,183075,1
5598,183079,1
5599,183082,1
5600,183083,2
5601,183085,1
5602,183087,1
5603,183091,0
5604,183122,0
5605,183126,1
5606,183138,1
5607,183141,1
5608,183147,2
5609,183180,0
5610,183186,0
5611,183196,2
5612,183212,2
5613,183241,1
5614,183253,1
5615,183259,0
5616,183279,0
5617,183293,0
5618,183299,1
5619,183337,0
5620,183338,1
5621,183349,2
5622,183365,1
5623,183391,2
5624,183461,0
5625,183469,1
5626,183528,1
5627,183591,2
5628,183628,1
5629,183635,0
5630,183642,1
5631,183663,1
5632,183671,2
5633,183684,1
5634,183701,0
5635,183705,0
5636,183742,1
5637,183755,1
5638,183767,0
5639,183771,2
5640,183772,1
5641,183782,1
5642,183787,0
5643,183795,0
5644,183805,0
5645,183817,0
5646,183828,0
5647,183836,1
5648,183841,1
5649,183851,1
5650,183864,1
5651,183885,2
5652,183918,1
5653,183943,2
5654,183947,1
5655,183951,1
5656,183965,2
5657,183971,2
5658,183976,1
5659,183980,0
5660,183993,1
5661,184005,2
5662,184040,1
5663,184050,1
5664,184069,1
5665,184100,0
5666,184159,0
5667,184168,1
5668,184176,0
5669,184195,1
5670,184198,1
5671,184215,0
5672,184221,1
5673,184232,0
5674,184250,1
5675,184257,0
5676,184268,1
5677,184293,1
5678,184300,2
5679,184305,0
5680,184309,2
5681,184318,1
5682,184323,2
5683,184342,1
5684,184375,1
5685,184390,2
5686,184399,2
5687,184429,1
5688,184447,1
5689,184491,1
5690,184498,1
5691,184501,1
5692,184536,1
5693,184544,2
5694,184571,1
5695,184601,0
5696,184603,1
5697,184674,0
5698,184689,1
5699,184703,1
5700,184709,1
5701,184718,1
5702,184756,2
5703,184759,1
5704,184760,2
5705,184772,1
5706,184775,0
5707,184782,0
5708,184794,0
5709,184813,1
5710,184837,0
5711,184838,0
5712,184863,2
5713,184876,0
5714,184884,0
5715,184906,2
5716,184924,1
5717,184933,0
5718,184943,0
5719,184945,1
5720,184965,0
5721,184983,0
5722,185049,1
5723,185050,1
5724,185073,2
5725,185075,1
5726,185076,1
5727,185088,1
5728,185090,1
5729,185095,1
5730,185100,1
5731,185114,1
5732,185119,1
5733,185121,1
5734,185140,0
5735,185142,0
5736,185147,0
5737,185151,1
5738,185153,0
5739,185167,0
5740,185188,1
5741,185229,1
5742,185238,2
5743,185258,2
5744,185268,1
5745,185339,1
5746,185372,1
5747,185377,2
5748,185381,2
5749,185383,0
5750,185396,1
5751,185452,1
5752,185463,1
5753,185478,1
5754,185480,1
5755,185484,1
5756,185490,0
5757,185513,2
5758,185526,1
5759,185540,2
5760,185547,1
5761,185549,0
5762,185553,0
5763,185561,0
5764,185571,0
5765,185573,1
5766,185584,0
5767,185585,0
5768,185588,1
5769,185591,1
5770,185592,1
5771,185669,0
5772,185704,0
5773,185710,1
5774,185725,1
5775,185737,0
5776,185740,1
5777,185768,1
5778,185776,1
5779,185812,2
5780,185816,0
5781,185825,1
5782,185838,0
5783,185858,1
5784,185878,0
5785,185898,1
5786,185899,1
5787,185906,1
5788,185927,0
5789,185928,1
5790,185939,0
5791,185940,1
5792,185969,1
5793,185976,2
5794,186015,0
5795,186062,0
5796,186077,1
5797,186081,1
5798,186084,1
5799,186129,1
5800,186141,2
5801,186143,1
5802,186159,2
5803,186171,1
5804,186186,2
5805,186201,1
5806,186232,0
5807,186249,1
5808,186257,1
5809,186261,1
5810,186271,1
5811,186274,1
5812,186277,1
5813,186287,1
5814,186308,1
5815,186313,0
5816,186315,0
5817,186326,1
5818,186383,1
5819,186389,0
5820,186401,1
5821,186411,1
5822,186420,0
5823,186426,1
5824,186442,1
5825,186465,1
5826,186467,1
5827,186474,1
5828,186485,1
5829,186489,0
5830,186507,1
5831,186514,0
5832,186530,0
5833,186540,2
5834,186542,0
5835,186546,0
5836,186568,1
5837,186570,1
5838,186582,1
5839,186596,0
5840,186598,2
5841,186613,0
5842,186617,0
5843,186634,1
5844,186640,0
5845,186661,2
5846,186667,1
5847,186668,0
5848,186677,1
5849,186699,1
5850,186700,1
5851,186719,1
5852,186720,0
5853,186721,1
5854,186722,0
5855,186747,1
5856,186762,0
5857,186765,1
5858,186767,2
5859,186771,1
5860,186772,1
5861,186783,2
5862,186872,0
5863,186898,1
5864,186899,1
5865,186921,1
5866,186934,0
5867,186952,1
5868,186954,1
5869,186962,2
5870,186968,1
5871,186990,0
5872,187024,2
5873,187041,1
5874,187072,1
5875,187098,2
5876,187113,0
5877,187215,1
5878,187221,2
5879,187238,1
5880,187245,1
5881,187253,0
5882,187263,1
5883,187282,0
5884,187295,1
5885,187301,2
5886,187310,0
5887,187358,0
5888,187361,0
5889,187364,0
5890,187371,0
5891,187412,1
5892,187418,1
5893,187424,0
5894,187430,2
5895,187440,0
5896,187446,1
5897,187461,0
5898,187502,0
5899,187506,2
5900,187519,1
5901,187523,1
5902,187524,0
5903,187525,1
5904,187533,1
5905,187545,1
5906,187563,0
5907,187573,1
5908,187574,0
5909,187579,0
5910,187580,2
5911,187584,0
5912,187593,2
5913,187594,0
5914,187607,1
5915,187643,1
5916,187645,0
5917,187647,1
5918,187656,0
5919,187666,1
5920,187682,2
5921,187704,2
5922,187737,1
5923,187749,2
5924,187757,0
5925,187762,1
5926,187773,0
5927,187792,1
5928,187820,2
5929,187828,1
5930,187830,0
5931,187836,0
5932,187843,1
5933,187864,0
5934,187873,1
5935,187883,0
5936,187884,0
5937,187886,1
5938,187895,1
5939,187899,1
5940,187907,2
5941,187938,0
5942,187949,1
5943,187951,1
5944,187971,0
5945,187972,1
5946,187981,1
5947,187996,1
5948,188001,1
5949,188009,1
5950,188015,1
5951,188038,0
5952,188069,2
5953,188077,0
5954,188093,2
5955,188099,1
5956,188128,0
5957,188135,1
5958,188146,0
5959,188163,1
5960,188184,0
5961,188214,1
5962,188215,1
5963,188218,0
5964,188226,1
5965,188230,0
5966,188238,2
5967,188255,1
5968,188260,1
5969,188264,1
5970,188265,1
5971,188279,1
5972,188320,0
5973,188333,2
5974,188337,0
5975,188393,1
5976,188400,1
5977,188404,0
5978,188405,0
5979,188431,1
5980,188440,0
5981,188448,1
5982,188455,0
5983,188497,1
5984,188505,2
5985,188515,2
5986,188516,2
5987,188533,1
5988,188538,0
5989,188547,2
5990,188550,1
5991,188558,2
5992,188569,1
5993,188595,1
5994,188601,2
5995,188602,1
5996,188613,0
5997,188628,1
5998,188642,0
5999,188653,1
6000,188668,0
6001,188672,1
6002,188675,1
6003,188678,1
6004,188735,0
6005,188736,2
6006,188749,0
6007,188753,0
6008,188755,2
6009,188796,0
6010,188832,2
6011,188836,0
6012,188845,0
6013,188846,0
6014,188848,2
6015,188856,1
6016,188882,2
6017,188886,2
6018,188895,0
6019,188902,0
6020,188923,0
6021,188936,1
6022,188956,1
6023,188958,1
6024,188974,1
6025,188995,1
6026,189022,2
6027,189024,1
6028,189041,0
6029,189047,0
6030,189086,0
6031,189090,2
6032,189098,1
6033,189101,1
6034,189109,0
6035,189113,1
6036,189115,0
6037,189121,1
6038,189137,2
6039,189155,2
6040,189162,2
6041,189178,0
6042,189185,1
6043,189209,0
6044,189249,2
6045,189252,0
6046,189258,0
6047,189261,2
6048,189282,1
6049,189291,2
6050,189319,1
6051,189320,2
6052,189356,1
6053,189363,1
6054,189402,0
6055,189417,0
6056,189420,1
6057,189432,1
6058,189435,1
6059,189442,1
6060,189468,1
6061,189498,2
6062,189499,0
6063,189544,0
6064,189549,1
6065,189578,0
6066,189594,1
6067,189604,0
6068,189654,1
6069,189657,1
6070,189665,1
6071,189678,1
6072,189679,2
6073,189691,1
6074,189702,1
6075,189726,1
6076,189738,2
6077,189748,1
6078,189755,1
6079,189761,0
6080,189782,0
6081,189797,0
6082,189809,1
6083,189832,0
6084,189841,2
6085,189844,1
6086,189854,1
6087,189858,1
6088,189881,1
6089,189895,2
6090,189923,0
6091,189925,0
6092,189936,2
6093,189943,0
6094,189965,0
6095,189972,0
6096,189982,2
6097,190058,1
6098,190076,1
6099,190081,0
6100,190104,2
6101,190143,0
6102,190145,1
6103,190158,1
6104,190181,1
6105,190212,0
6106,190225,1
6107,190236,0
6108,190238,0
6109,190256,1
6110,190257,1
6111,190262,0
6112,190279,0
6113,190319,1
6114,190331,0
6115,190335,0
6116,190346,1
6117,190362,1
6118,190381,1
6119,190384,1
6120,190398,0
6121,190418,1
6122,190420,2
6123,190421,2
6124,190424,1
6125,190428,1
6126,190439,2
6127,190465,1
6128,190485,0
6129,190526,2
6130,190531,0
6131,190561,1
6132,190567,0
6133,190610,1
6134,190614,0
6135,190639,0
6136,190673,2
6137,190685,1
6138,190721,0
6139,190724,0
6140,190739,1
6141,190745,1
6142,190780,1
6143,190851,1
6144,190855,1
6145,190867,1
6146,190872,1
6147,190879,1
6148,190890,0
6149,190892,0
6150,190904,2
6151,190905,0
6152,190971,0
6153,190997,0
6154,191010,1
6155,191029,2
6156,191047,2
6157,191061,1
6158,191070,1
6159,191076,1
6160,191112,0
6161,191115,1
6162,191124,0
6163,191127,1
6164,191131,0
6165,191160,1
6166,191171,2
6167,191176,1
6168,191181,0
6169,191189,1
6170,191200,0
6171,191219,1
6172,191276,1
6173,191282,1
6174,191288,1
6175,191331,1
6176,191341,1
6177,191378,0
6178,191388,0
6179,191393,0
6180,191410,1
6181,191438,1
6182,191439,0
6183,191447,1
6184,191483,2
6185,191484,2
6186,191488,2
6187,191520,1
6188,191537,1
6189,191538,0
6190,191548,0
6191,191556,1
6192,191560,2
6193,191574,2
6194,191577,1
6195,191585,2
6196,191586,0
6197,191614,1
6198,191635,1
6199,191669,0
6200,191679,0
6201,191686,0
6202,191698,0
6203,191704,1
6204,191740,0
6205,191760,2
6206,191762,0
6207,191764,1
6208,191775,0
6209,191786,2
6210,191789,2
6211,191796,2
6212,191843,0
6213,191850,1
6214,191877,1
6215,191885,0
6216,191894,2
6217,191895,1
6218,191932,1
6219,191936,1
6220,191940,1
6221,191944,0
6222,191957,0
6223,191987,1
6224,191996,1
6225,192016,0
6226,192030,2
6227,192058,1
6228,192072,1
6229,192082,0
6230,192089,0
6231,192111,1
6232,192147,1
6233,192155,0
6234,192168,2
6235,192170,1
6236,192173,1
6237,192190,0
6238,192209,0
6239,192267,0
6240,192278,2
6241,192281,1
6242,192296,1
6243,192306,1
6244,192313,1
6245,192333,1
6246,192342,1
6247,192345,1
6248,192354,0
6249,192365,2
6250,192408,0
6251,192409,2
6252,192411,1
6253,192424,2
6254,192462,0
6255,192472,2
6256,192491,0
6257,192497,1
6258,192522,1
6259,192523,1
6260,192527,0
6261,192542,0
6262,192553,0
6263,192570,1
6264,192588,1
6265,192593,2
6266,192614,2
6267,192628,0
6268,192652,2
6269,192664,0
6270,192676,2
6271,192698,0
6272,192724,1
6273,192740,0
6274,192757,0
6275,192758,0
6276,192765,1
6277,192789,1
6278,192791,0
6279,192799,1
6280,192806,1
6281,192824,2
6282,192828,0
6283,192835,0
6284,192838,1
6285,192849,1
6286,192852,1
6287,192867,1
6288,192877,0
6289,192879,1
6290,192911,2
6291,192935,1
6292,192967,1
6293,192969,1
6294,192992,2
6295,193054,1
6296,193056,1
6297,193070,1
6298,193077,1
6299,193101,1
6300,193111,2
6301,193174,1
6302,193186,0
6303,193204,0
6304,193205,0
6305,193221,1
6306,193224,0
6307,193227,1
6308,193234,1
6309,193247,1
6310,193249,0
6311,193260,2
6312,193264,1
6313,193282,1
6314,193297,0
6315,193309,1
6316,193343,2
6317,193351,2
6318,193365,2
6319,193397,2
6320,193405,0
6321,193420,1
6322,193478,1
6323,193480,1
6324,193484,1
6325,193493,0
6326,193501,1
6327,193509,1
6328,193512,0
6329,193523,0
6330,193524,2
6331,193529,1
6332,193556,2
6333,193558,0
6334,193585,0
6335,193590,0
6336,193604,0
6337,193632,1
6338,193710,0
6339,193739,0
6340,193741,0
6341,193757,1
6342,193764,0
6343,193777,0
6344,193779,1
6345,193793,1
6346,193845,2
6347,193854,0
6348,193862,0
6349,193873,2
6350,193877,1
6351,193886,1
6352,193896,1
6353,193907,1
6354,193931,1
6355,193935,0
6356,193938,1
6357,193952,0
6358,193991,0
6359,193994,1
6360,194026,1
6361,194028,0
6362,194037,2
6363,194040,2
6364,194057,1
6365,194074,1
6366,194080,0
6367,194106,0
6368,194113,1
6369,194128,0
6370,194132,0
6371,194205,1
6372,194208,0
6373,194220,0
6374,194228,0
6375,194246,2
6376,194262,0
6377,194277,2
6378,194289,1
6379,194295,1
6380,194309,0
6381,194316,1
6382,194329,1
6383,194355,1
6384,194375,2
6385,194382,0
6386,194389,1
6387,194397,1
6388,194407,1
6389,194408,1
6390,194410,1
6391,194421,0
6392,194422,0
6393,194440,0
6394,194458,1
6395,194459,0
6396,194464,2
6397,194472,0
6398,194496,1
6399,194499,1
6400,194510,1
6401,194519,1
6402,194530,1
6403,194533,1
6404,194552,1
6405,194593,1
6406,194596,1
6407,194608,2
6408,194611,0
6409,194623,1
6410,194648,1
6411,194692,2
6412,194706,0
6413,194716,0
6414,194722,1
6415,194723,0
6416,194759,1
6417,194789,1
6418,194790,1
6419,194835,2
6420,194849,1
6421,194878,0
6422,194886,1
6423,194906,1
6424,194957,2
6425,194974,1
6426,194979,0
6427,194987,0
6428,195013,0
6429,195022,1
6430,195029,1
6431,195042,0
6432,195058,0
6433,195071,0
6434,195087,0
6435,195096,1
6436,195100,1
6437,195109,0
6438,195110,1
6439,195113,1
6440,195160,1
6441,195165,2
6442,195190,1
6443,195196,1
6444,195212,1
6445,195213,0
6446,195244,0
6447,195249,1
6448,195255,0
6449,195273,0
6450,195275,2
6451,195304,1
6452,195336,0
6453,195340,0
6454,195341,1
6455,195352,2
6456,195373,2
6457,195386,1
6458,195392,1
6459,195403,1
6460,195428,1
6461,195452,0
6462,195473,2
6463,195481,1
6464,195483,1
6465,195495,0
6466,195496,0
6467,195504,0
6468,195507,0
6469,195510,1
6470,195516,1
6471,195528,2
6472,195554,1
6473,195556,0
6474,195557,2
6475,195558,1
6476,195565,1
6477,195592,1
6478,195598,1
6479,195607,1
6480,195617,2
6481,195626,2
6482,195644,1
6483,195679,2
6484,195708,0
6485,195711,1
6486,195712,1
6487,195779,1
6488,195819,1
6489,195852,1
6490,195871,1
6491,195903,2
6492,195927,1
6493,195938,1
6494,195943,0
6495,195963,0
6496,195977,0
6497,196001,1
6498,196019,2
6499,196067,1
6500,196070,2
6501,196096,1
6502,196133,1
6503,196142,1
6504,196174,0
6505,196177,1
6506,196191,2
6507,196192,0
6508,196228,1
6509,196246,0
6510,196255,1
6511,196267,1
6512,196280,0
6513,196282,0
6514,196285,2
6515,196315,1
6516,196347,0
6517,196358,0
6518,196366,0
6519,196375,0
6520,196414,0
6521,196418,2
6522,196431,1
6523,196440,0
6524,196474,0
6525,196487,0
6526,196501,2
6527,196512,0
6528,196518,1
6529,196538,2
6530,196557,2
6531,196572,1
6532,196592,0
6533,196614,0
6534,196617,1
6535,196637,1
6536,196638,1
6537,196641,2
6538,196656,0
6539,196661,0
6540,196662,2
6541,196753,0
6542,196756,1
6543,196760,0
6544,196777,0
6545,196781,1
6546,196792,1
6547,196794,1
6548,196804,1
6549,196815,1
6550,196816,2
6551,196823,0
6552,196837,0
6553,196842,1
6554,196854,1
6555,196865,0
6556,196866,2
6557,196918,0
6558,196919,1
6559,196928,0
6560,196934,1
6561,196975,0
6562,196985,0
6563,196992,1
6564,197001,0
6565,197008,1
6566,197019,0
6567,197022,0
6568,197044,1
6569,197047,2
6570,197064,1
6571,197072,0
6572,197077,2
6573,197091,2
6574,197100,1
6575,197114,2
6576,197136,1
6577,197140,0
6578,197142,2
6579,197161,1
6580,197164,1
6581,197173,0
6582,197234,2
6583,197236,1
6584,197266,0
6585,197269,1
6586,197296,1
6587,197306,0
6588,197314,1
6589,197317,0
6590,197324,0
6591,197349,0
6592,197372,0
6593,197385,1
6594,197417,1
6595,197421,0
6596,197431,0
6597,197433,2
6598,197474,1
6599,197476,1
6600,197520,2
6601,197573,1
6602,197580,2
6603,197611,0
6604,197621,0
6605,197636,2
6606,197650,0
6607,197669,0
6608,197728,1
6609,197749,2
6610,197750,1
6611,197762,1
6612,197772,0
6613,197778,1
6614,197788,0
6615,197797,0
6616,197813,1
6617,197818,1
6618,197825,0
6619,197828,0
6620,197840,1
6621,197852,1
6622,197856,2
6623,197860,2
6624,197862,0
6625,197865,0
6626,197899,1
6627,197903,1
6628,197958,1
6629,197986,1
6630,197992,1
6631,197998,0
6632,198001,0
6633,198048,1
6634,198056,1
6635,198061,0
6636,198063,1
6637,198076,0
6638,198091,1
6639,198103,0
6640,198114,1
6641,198129,0
6642,198141,1
6643,198143,1
6644,198164,2
6645,198169,0
6646,198191,2
6647,198199,1
6648,198234,0
6649,198247,1
6650,198249,1
6651,198254,1
6652,198306,1
6653,198309,1
6654,198344,1
6655,198347,0
6656,198355,0
6657,198366,2
6658,198368,1
6659,198375,0
6660,198385,1
6661,198432,1
6662,198450,1
6663,198454,1
6664,198462,1
6665,198490,0
6666,198500,1
6667,198510,0
6668,198512,1
6669,198514,0
6670,198534,0
6671,198536,2
6672,198577,0
6673,198595,0
6674,198619,1
6675,198628,2
6676,198634,2
6677,198638,1
6678,198659,2
6679,198664,1
6680,198670,2
6681,198683,2
6682,198706,1
6683,198721,0
6684,198727,0
6685,198733,2
6686,198740,1
6687,198777,1
6688,198786,1
6689,198808,1
6690,198809,2
6691,198818,1
6692,198822,2
6693,198830,1
6694,198840,1
6695,198854,1
6696,198873,1
6697,198877,1
6698,198897,0
6699,198921,2
6700,198931,0
6701,198937,1
6702,198968,1
6703,198970,0
6704,198975,1
6705,199033,1
6706,199080,1
6707,199089,0
6708,199096,1
6709,199101,1
6710,199124,2
6711,199131,2
6712,199135,0
6713,199136,1
6714,199145,1
6715,199147,1
6716,199160,1
6717,199163,1
6718,199191,0
6719,199199,1
6720,199226,1
6721,199234,1
6722,199258,0
6723,199261,1
6724,199270,0
6725,199281,2
6726,199372,1
6727,199411,2
6728,199422,0
6729,199427,1
6730,199454,1
6731,199467,2
6732,199474,1
6733,199476,1
6734,199490,0
6735,199502,0
6736,199506,2
6737,199516,1
6738,199568,2
6739,199574,0
6740,199588,0
6741,199631,2
6742,199674,1
6743,199689,1
6744,199693,0
6745,199701,1
6746,199728,1
6747,199745,1
6748,199755,0
6749,199793,1
6750,199794,1
6751,199815,1
6752,199828,0
6753,199845,2
6754,199859,1
6755,199869,2
6756,199873,2
6757,199890,2
6758,199895,1
6759,199904,1
6760,199960,1
6761,200010,0
6762,200017,0
6763,200022,0
6764,200027,0
6765,200029,0
6766,200034,0
6767,200044,1
6768,200047,1
6769,200057,1
6770,200091,0
6771,200112,0
6772,200114,1
6773,200137,0
6774,200140,0
6775,200169,1
6776,200173,1
6777,200184,1
6778,200197,0
6779,200221,1
6780,200225,0
6781,200245,1
6782,200257,2
6783,200298,0
6784,200310,0
6785,200327,0
6786,200330,1
6787,200366,2
6788,200367,1
6789,200383,0
6790,200389,2
6791,200395,1
6792,200405,0
6793,200410,0
6794,200413,2
6795,200452,1
6796,200471,1
6797,200482,0
6798,200483,1
6799,200503,1
6800,200517,0
6801,200519,0
6802,200526,1
6803,200531,0
6804,200547,1
6805,200553,0
6806,200574,1
6807,200589,0
6808,200595,0
6809,200599,0
6810,200611,0
6811,200650,1
6812,200655,1
6813,200659,2
6814,200660,2
6815,200668,2
6816,200689,1
6817,200699,2
6818,200722,2
6819,200724,1
6820,200731,0
6821,200741,0
6822,200749,1
6823,200790,0
6824,200801,0
6825,200831,1
6826,200840,1
6827,200843,0
6828,200876,0
6829,200881,0
6830,200893,0
6831,200909,2
6832,200910,2
6833,200932,1
6834,200956,1
6835,200979,1
6836,201011,1
6837,201034,1
6838,201037,1
6839,201046,1
6840,201068,1
6841,201079,1
6842,201087,0
6843,201100,0
6844,201101,1
6845,201114,0
6846,201119,1
6847,201133,2
6848,201148,0
6849,201198,2
6850,201214,1
6851,201231,0
6852,201242,1
6853,201246,1
6854,201285,1
6855,201289,1
6856,201293,1
6857,201298,1
6858,201300,1
6859,201314,1
6860,201322,1
6861,201333,1
6862,201335,1
6863,201365,2
6864,201368,1
6865,201411,1
6866,201413,1
6867,201446,1
6868,201460,0
6869,201467,1
6870,201501,2
6871,201516,0
6872,201525,0
6873,201527,0
6874,201535,1
6875,201536,1
6876,201548,1
6877,201573,2
6878,201579,2
6879,201581,2
6880,201583,0
6881,201587,1
6882,201603,1
6883,201606,1
6884,201642,0
6885,201689,1
6886,201703,1
6887,201718,1
6888,201764,1
6889,201776,0
6890,201789,0
6891,201801,1
6892,201806,0
6893,201809,1
6894,201839,2
6895,201852,1
6896,201874,1
6897,201891,0
6898,201911,1
6899,201914,1
6900,201921,2
6901,201949,2
6902,201956,0
6903,201975,0
6904,201991,2
6905,201997,1
6906,202001,1
6907,202006,1
6908,202009,0
6909,202030,0
6910,202034,1
6911,202048,2
6912,202090,1
6913,202093,0
6914,202113,0
6915,202124,1
6916,202139,0
6917,202140,1
6918,202147,1
6919,202161,1
6920,202226,0
6921,202237,0
6922,202243,2
6923,202246,1
6924,202250,1
6925,202262,1
6926,202287,0
6927,202314,0
6928,202316,0
6929,202328,0
6930,202333,0
6931,202369,0
6932,202424,0
6933,202428,1
6934,202444,1
6935,202468,2
6936,202476,0
6937,202479,1
6938,202488,0
6939,202502,2
6940,202522,0
6941,202609,1
6942,202610,2
6943,202613,0
6944,202636,1
6945,202646,0
6946,202655,0
6947,202661,1
6948,202663,1
6949,202672,0
6950,202688,2
6951,202689,1
6952,202694,1
6953,202710,0
6954,202730,0
6955,202740,1
6956,202770,0
6957,202788,0
6958,202840,1
6959,202841,0
6960,202852,1
6961,202863,2
6962,202880,1
6963,202890,1
6964,202898,0
6965,202903,2
6966,202914,1
6967,202924,1
6968,202932,1
6969,202943,1
6970,202946,0
6971,202948,0
6972,202952,1
6973,202953,0
6974,202984,1
6975,202988,2
6976,203010,0
6977,203026,0
6978,203035,1
6979,203049,1
6980,203054,0
6981,203063,1
6982,203065,0
6983,203121,1
6984,203131,1
6985,203166,1
6986,203174,1
6987,203206,0
6988,203210,0
6989,203223,0
6990,203236,0
6991,203275,2
6992,203278,1
6993,203280,1
6994,203293,1
6995,203304,2
6996,203306,0
6997,203319,0
6998,203323,2
6999,203365,1
